2025-08-23T00:06:08.899Z,259
2025-08-23T00:07:33.738Z,262
2025-08-23T00:10:00.750Z,301
2025-08-23T00:10:18.059Z,265
2025-08-23T00:11:00.818Z,303
2025-08-23T00:11:11.728Z,269
2025-08-23T00:12:11.352Z,272
2025-08-23T00:13:18.219Z,274
2025-08-23T00:14:27.299Z,276
2025-08-23T00:15:15.363Z,278
2025-08-23T00:17:23.341Z,284
2025-08-23T00:18:15.709Z,286
2025-08-23T00:19:20.142Z,286
2025-08-23T00:20:21.497Z,243
2025-08-23T00:21:16.200Z,244
2025-08-23T00:22:20.825Z,251
2025-08-23T00:23:10.688Z,272
2025-08-23T00:24:16.217Z,294
2025-08-23T00:25:13.402Z,318
2025-08-23T00:26:15.454Z,317
2025-08-23T00:27:17.437Z,303
2025-08-23T00:28:19.013Z,280
2025-08-23T00:29:09.151Z,264
2025-08-23T00:30:19.951Z,266
2025-08-23T00:30:23.727Z,266
2025-08-23T00:31:22.237Z,266
2025-08-23T00:31:24.974Z,266
2025-08-23T00:32:12.698Z,272
2025-08-23T00:32:15.643Z,272
2025-08-23T01:39:22.855Z,277
2025-08-23T01:40:23.635Z,280
2025-08-23T01:41:24.345Z,299
2025-08-23T01:42:23.225Z,302
2025-08-23T01:43:24.471Z,304
2025-08-23T01:44:24.827Z,307
2025-08-23T01:45:26.404Z,312
2025-08-23T01:46:26.555Z,315
2025-08-23T01:47:25.392Z,317
2025-08-23T01:48:25.908Z,324
2025-08-23T01:49:27.224Z,327
2025-08-23T01:50:28.718Z,331
2025-08-23T01:51:26.086Z,334
2025-08-23T01:52:24.810Z,339
2025-08-23T01:53:26.186Z,341
2025-08-23T01:54:26.878Z,345
2025-08-23T01:55:25.935Z,349
2025-08-23T01:56:28.418Z,352
2025-08-23T01:57:26.479Z,354
2025-08-23T01:58:25.285Z,359
2025-08-23T01:59:26.872Z,361
2025-08-23T02:00:26.852Z,368
2025-08-23T02:01:27.897Z,372
2025-08-23T02:02:26.879Z,376
2025-08-23T02:03:26.108Z,382
2025-08-23T02:04:27.085Z,365
2025-08-23T02:05:28.198Z,368
2025-08-23T02:06:25.578Z,370
2025-08-23T02:07:25.053Z,371
2025-08-23T02:08:25.545Z,369
2025-08-23T02:09:27.775Z,368
2025-08-23T02:10:28.557Z,369
2025-08-23T02:11:25.686Z,375
2025-08-23T02:12:28.219Z,378
2025-08-23T02:13:26.560Z,380
2025-08-23T02:14:27.276Z,380
2025-08-23T02:15:29.779Z,364
2025-08-23T02:16:26.182Z,366
2025-08-23T02:17:26.949Z,366
2025-08-23T02:18:29.579Z,365
2025-08-23T02:19:27.982Z,364
2025-08-23T02:20:29.674Z,368
2025-08-23T02:21:25.883Z,369
2025-08-23T02:22:28.048Z,373
2025-08-23T02:23:26.937Z,373
2025-08-23T02:24:28.678Z,373
2025-08-23T02:25:25.758Z,373
2025-08-23T02:26:27.762Z,371
2025-08-23T02:27:26.202Z,371
2025-08-23T02:28:29.238Z,371
2025-08-23T02:29:26.539Z,370
2025-08-23T02:30:30.638Z,371
2025-08-23T02:31:28.683Z,370
2025-08-23T02:32:28.510Z,370
2025-08-23T02:33:26.723Z,370
2025-08-23T02:34:29.842Z,370
2025-08-23T02:35:28.137Z,372
2025-08-23T02:36:29.264Z,374
2025-08-23T02:37:30.936Z,375
2025-08-23T02:38:27.698Z,375
2025-08-23T02:39:28.014Z,375
2025-08-23T02:40:27.156Z,375
2025-08-23T02:41:27.592Z,373
2025-08-23T02:42:27.889Z,377
2025-08-23T02:43:28.360Z,377
2025-08-23T02:44:26.840Z,380
2025-08-23T02:45:27.818Z,380
2025-08-23T02:46:26.760Z,378
2025-08-23T02:47:26.623Z,379
2025-08-23T02:48:27.622Z,382
2025-08-23T02:49:27.078Z,382
2025-08-23T02:50:27.493Z,379
2025-08-23T02:51:28.151Z,379
2025-08-23T02:52:27.935Z,382
2025-08-23T02:53:31.762Z,382
2025-08-23T02:54:27.070Z,370
2025-08-23T02:55:28.400Z,370
2025-08-23T02:56:29.061Z,370
2025-08-23T02:57:29.628Z,370
2025-08-23T02:58:27.377Z,369
2025-08-23T02:59:27.150Z,369
2025-08-23T03:00:28.332Z,374
2025-08-23T03:01:26.796Z,366
2025-08-23T03:02:30.251Z,364
2025-08-23T03:03:27.830Z,364
2025-08-23T03:04:27.999Z,364
2025-08-23T03:05:27.373Z,364
2025-08-23T03:06:27.472Z,366
2025-08-23T03:07:27.534Z,368
2025-08-23T03:08:29.667Z,368
2025-08-23T03:09:27.244Z,367
2025-08-23T03:10:28.050Z,368
2025-08-23T03:11:27.779Z,368
2025-08-23T03:12:27.413Z,368
2025-08-23T03:13:27.687Z,368
2025-08-23T03:14:26.407Z,368
2025-08-23T03:15:26.886Z,368
2025-08-23T03:16:27.487Z,368
2025-08-23T03:17:26.637Z,368
2025-08-23T03:18:26.327Z,368
2025-08-23T03:19:26.753Z,368
2025-08-23T03:20:29.425Z,366
2025-08-23T03:21:27.800Z,366
2025-08-23T03:22:29.541Z,366
2025-08-23T03:23:27.436Z,367
2025-08-23T03:24:29.957Z,367
2025-08-23T03:25:26.980Z,368
2025-08-23T03:26:26.947Z,369
2025-08-23T03:27:26.889Z,369
2025-08-23T03:28:26.923Z,369
2025-08-23T03:29:28.322Z,369
2025-08-23T03:30:27.985Z,369
2025-08-23T03:31:27.641Z,369
2025-08-23T03:32:27.937Z,369
2025-08-23T03:33:26.786Z,374
2025-08-23T03:34:28.292Z,374
2025-08-23T03:35:27.932Z,374
2025-08-23T03:36:27.210Z,372
2025-08-23T03:37:27.135Z,371
2025-08-23T03:38:28.204Z,373
2025-08-23T03:39:27.224Z,378
2025-08-23T03:40:29.578Z,378
2025-08-23T03:41:28.219Z,376
2025-08-23T03:42:28.861Z,379
2025-08-23T03:43:28.455Z,380
2025-08-23T03:44:28.182Z,380
2025-08-23T03:45:27.046Z,380
2025-08-23T03:46:28.143Z,383
2025-08-23T03:47:27.942Z,384
2025-08-23T03:48:29.140Z,385
2025-08-23T03:49:28.547Z,386
2025-08-23T03:50:28.230Z,386
2025-08-23T03:51:27.598Z,386
2025-08-23T03:52:28.763Z,386
2025-08-23T03:53:28.282Z,386
2025-08-23T03:54:29.380Z,385
2025-08-23T03:55:29.609Z,385
2025-08-23T03:56:29.278Z,386
2025-08-23T03:57:29.167Z,386
2025-08-23T03:58:28.773Z,382
2025-08-23T03:59:28.442Z,382
2025-08-23T04:00:29.143Z,382
2025-08-23T04:01:29.639Z,382
2025-08-23T04:02:28.229Z,383
2025-08-23T04:03:28.895Z,385
2025-08-23T04:04:29.571Z,384
2025-08-23T04:05:29.582Z,384
2025-08-23T04:06:29.682Z,384
2025-08-23T04:07:29.613Z,384
2025-08-23T04:08:29.384Z,384
2025-08-23T04:09:29.065Z,384
2025-08-23T04:10:30.292Z,384
2025-08-23T04:11:28.846Z,386
2025-08-23T04:12:29.391Z,386
2025-08-23T04:13:29.617Z,386
2025-08-23T04:14:29.348Z,387
2025-08-23T04:15:29.083Z,389
2025-08-23T04:16:30.788Z,388
2025-08-23T04:17:29.560Z,388
2025-08-23T04:18:29.775Z,388
2025-08-23T04:19:30.243Z,388
2025-08-23T04:20:29.936Z,388
2025-08-23T04:21:29.881Z,388
2025-08-23T04:22:30.384Z,388
2025-08-23T04:23:29.637Z,390
2025-08-23T04:24:30.057Z,390
2025-08-23T04:25:26.271Z,390
2025-08-23T04:26:26.953Z,390
2025-08-23T04:27:27.182Z,390
2025-08-23T04:28:27.679Z,392
2025-08-23T04:29:30.582Z,392
2025-08-23T04:30:30.168Z,392
2025-08-23T04:31:28.789Z,394
2025-08-23T04:32:31.491Z,395
2025-08-23T04:33:32.452Z,394
2025-08-23T04:34:30.287Z,394
2025-08-23T04:35:30.346Z,393
2025-08-23T04:36:29.738Z,393
2025-08-23T04:37:27.592Z,393
2025-08-23T04:38:31.279Z,393
2025-08-23T04:39:27.269Z,393
2025-08-23T04:40:30.179Z,393
2025-08-23T04:41:30.947Z,395
2025-08-23T04:42:30.381Z,395
2025-08-23T04:43:27.363Z,403
2025-08-23T04:44:26.780Z,403
2025-08-23T04:45:26.405Z,403
2025-08-23T04:46:29.565Z,404
2025-08-23T04:47:29.567Z,406
2025-08-23T04:48:31.082Z,406
2025-08-23T04:49:31.421Z,407
2025-08-23T04:50:29.788Z,408
2025-08-23T04:51:31.350Z,408
2025-08-23T04:52:30.485Z,408
2025-08-23T04:53:30.682Z,408
2025-08-23T04:54:29.783Z,408
2025-08-23T04:55:28.133Z,409
2025-08-23T04:56:26.645Z,409
2025-08-23T04:57:26.791Z,409
2025-08-23T04:58:28.350Z,409
2025-08-23T04:59:29.681Z,409
2025-08-23T05:00:30.187Z,409
2025-08-23T05:01:29.597Z,409
2025-08-23T05:02:30.987Z,408
2025-08-23T05:03:27.633Z,408
2025-08-23T05:04:27.471Z,408
2025-08-23T05:05:30.180Z,408
2025-08-23T05:06:30.044Z,408
2025-08-23T05:07:30.358Z,402
2025-08-23T05:08:30.581Z,401
2025-08-23T05:09:26.601Z,401
2025-08-23T05:10:28.181Z,401
2025-08-23T05:11:32.484Z,401
2025-08-23T05:12:29.900Z,401
2025-08-23T05:13:32.198Z,401
2025-08-23T05:14:32.017Z,402
2025-08-23T05:15:28.754Z,403
2025-08-23T05:16:32.579Z,403
2025-08-23T05:17:32.478Z,403
2025-08-23T05:18:32.186Z,403
2025-08-23T05:19:30.479Z,403
2025-08-23T05:20:29.018Z,403
2025-08-23T05:21:31.992Z,403
2025-08-23T05:22:30.378Z,403
2025-08-23T05:23:33.196Z,403
2025-08-23T05:24:32.584Z,404
2025-08-23T05:25:33.024Z,406
2025-08-23T05:26:32.568Z,406
2025-08-23T05:27:32.382Z,405
2025-08-23T05:28:31.374Z,405
2025-08-23T05:29:29.428Z,405
2025-08-23T05:30:29.143Z,405
2025-08-23T05:31:32.985Z,407
2025-08-23T05:32:30.474Z,407
2025-08-23T05:33:30.507Z,407
2025-08-23T05:34:31.118Z,407
2025-08-23T05:35:28.748Z,407
2025-08-23T05:36:32.579Z,409
2025-08-23T05:37:32.187Z,409
2025-08-23T05:38:29.897Z,409
2025-08-23T05:39:31.048Z,411
2025-08-23T05:40:31.286Z,411
2025-08-23T05:41:34.778Z,411
2025-08-23T05:42:33.383Z,412
2025-08-23T05:43:34.285Z,410
2025-08-23T05:44:33.187Z,410
2025-08-23T05:45:32.983Z,410
2025-08-23T05:46:35.338Z,410
2025-08-23T05:47:28.886Z,410
2025-08-23T05:48:33.691Z,404
2025-08-23T05:49:31.251Z,402
2025-08-23T05:50:33.859Z,402
2025-08-23T05:51:33.781Z,403
2025-08-23T05:52:33.279Z,404
2025-08-23T05:53:32.380Z,404
2025-08-23T05:54:28.479Z,404
2025-08-23T05:55:32.839Z,404
2025-08-23T05:56:34.481Z,402
2025-08-23T05:57:31.482Z,402
2025-08-23T05:58:31.483Z,402
2025-08-23T05:59:28.746Z,402
2025-08-23T06:00:35.081Z,402
2025-08-23T06:01:34.780Z,402
2025-08-23T06:02:30.682Z,402
2025-08-23T06:03:30.459Z,402
2025-08-23T06:04:34.187Z,402
2025-08-23T06:05:33.457Z,403
2025-08-23T06:06:28.449Z,404
2025-08-23T06:07:36.881Z,404
2025-08-23T06:08:29.548Z,405
2025-08-23T06:09:33.181Z,405
2025-08-23T06:10:33.778Z,405
2025-08-23T06:11:28.883Z,405
2025-08-23T06:12:30.381Z,405
2025-08-23T06:13:33.980Z,404
2025-08-23T06:14:34.484Z,404
2025-08-23T06:15:33.682Z,404
2025-08-23T06:16:34.880Z,405
2025-08-23T06:17:33.685Z,408
2025-08-23T06:18:34.185Z,410
2025-08-23T06:19:34.984Z,411
2025-08-23T06:20:33.584Z,412
2025-08-23T06:21:35.381Z,412
2025-08-23T06:22:31.895Z,412
2025-08-23T06:23:33.884Z,412
2025-08-23T06:24:35.383Z,412
2025-08-23T06:25:28.068Z,412
2025-08-23T06:26:33.779Z,412
2025-08-23T06:27:32.383Z,412
2025-08-23T06:28:32.434Z,412
2025-08-23T06:29:35.085Z,410
2025-08-23T06:30:31.082Z,410
2025-08-23T06:31:34.730Z,410
2025-08-23T06:32:31.538Z,410
2025-08-23T06:33:32.581Z,410
2025-08-23T06:34:31.781Z,408
2025-08-23T06:35:32.781Z,407
2025-08-23T06:36:28.588Z,407
2025-08-23T06:37:33.479Z,407
2025-08-23T06:38:36.083Z,408
2025-08-23T06:39:35.781Z,410
2025-08-23T06:40:32.285Z,410
2025-08-23T06:41:34.986Z,410
2025-08-23T06:42:34.284Z,410
2025-08-23T06:43:34.986Z,410
2025-08-23T06:44:30.261Z,412
2025-08-23T06:45:36.780Z,412
2025-08-23T06:46:35.580Z,412
2025-08-23T06:47:32.388Z,412
2025-08-23T06:48:38.596Z,412
2025-08-23T06:49:32.815Z,412
2025-08-23T06:50:34.484Z,412
2025-08-23T06:51:35.080Z,412
2025-08-23T06:52:32.584Z,412
2025-08-23T06:53:37.250Z,412
2025-08-23T06:54:33.479Z,412
2025-08-23T06:55:29.959Z,412
2025-08-23T06:56:35.184Z,414
2025-08-23T06:57:32.288Z,414
2025-08-23T06:58:34.185Z,414
2025-08-23T06:59:33.980Z,414
2025-08-23T07:00:33.179Z,414
2025-08-23T07:01:35.195Z,414
2025-08-23T07:03:33.183Z,414
2025-08-23T07:04:33.389Z,414
2025-08-23T07:05:30.582Z,416
2025-08-23T07:06:33.185Z,416
2025-08-23T07:07:28.554Z,417
2025-08-23T07:08:29.879Z,418
2025-08-23T07:09:35.381Z,418
2025-08-23T07:10:31.985Z,426
2025-08-23T07:11:34.813Z,426
2025-08-23T07:12:36.284Z,426
2025-08-23T07:13:31.080Z,429
2025-08-23T07:14:35.284Z,431
2025-08-23T07:15:33.582Z,430
2025-08-23T07:16:30.780Z,430
2025-08-23T07:17:33.187Z,431
2025-08-23T07:18:33.989Z,432
2025-08-23T07:19:32.389Z,431
2025-08-23T07:20:30.779Z,431
2025-08-23T07:21:35.884Z,431
2025-08-23T07:22:34.583Z,431
2025-08-23T07:23:30.692Z,431
2025-08-23T07:24:34.780Z,431
2025-08-23T07:25:36.390Z,434
2025-08-23T07:26:32.491Z,435
2025-08-23T07:27:29.579Z,431
2025-08-23T07:28:34.295Z,429
2025-08-23T07:29:33.384Z,429
2025-08-23T07:30:34.384Z,429
2025-08-23T07:31:33.479Z,429
2025-08-23T07:32:34.290Z,428
2025-08-23T07:33:30.189Z,428
2025-08-23T07:34:35.784Z,428
2025-08-23T07:35:36.185Z,428
2025-08-23T07:37:32.792Z,428
2025-08-23T07:38:35.388Z,428
2025-08-23T07:39:31.886Z,428
2025-08-23T07:40:34.785Z,428
2025-08-23T07:41:35.356Z,428
2025-08-23T07:42:34.084Z,428
2025-08-23T07:43:30.986Z,428
2025-08-23T07:44:33.085Z,428
2025-08-23T07:45:34.399Z,428
2025-08-23T07:46:32.486Z,428
2025-08-23T07:47:34.189Z,428
2025-08-23T07:48:34.289Z,428
2025-08-23T07:49:30.585Z,430
2025-08-23T07:50:36.881Z,430
2025-08-23T07:51:34.184Z,430
2025-08-23T07:52:30.281Z,430
2025-08-23T07:53:34.678Z,430
2025-08-23T07:54:35.088Z,430
2025-08-23T07:55:36.710Z,430
2025-08-23T07:56:36.986Z,430
2025-08-23T07:57:35.088Z,430
2025-08-23T07:58:36.987Z,428
2025-08-23T07:59:34.386Z,428
2025-08-23T08:00:34.283Z,426
2025-08-23T08:01:33.687Z,424
2025-08-23T08:02:32.184Z,424
2025-08-23T08:03:36.780Z,424
2025-08-23T08:04:34.785Z,423
2025-08-23T08:05:35.096Z,423
2025-08-23T08:06:37.501Z,422
2025-08-23T08:07:32.285Z,422
2025-08-23T08:08:37.192Z,422
2025-08-23T08:09:35.086Z,424
2025-08-23T08:10:35.545Z,423
2025-08-23T08:11:39.186Z,418
2025-08-23T08:12:35.090Z,417
2025-08-23T08:13:34.189Z,420
2025-08-23T08:14:36.678Z,418
2025-08-23T08:15:36.888Z,418
2025-08-23T08:16:35.687Z,420
2025-08-23T08:17:36.682Z,420
2025-08-23T08:18:33.985Z,419
2025-08-23T08:19:35.490Z,419
2025-08-23T08:20:35.084Z,419
2025-08-23T08:21:35.282Z,419
2025-08-23T08:22:36.885Z,419
2025-08-23T08:23:37.484Z,419
2025-08-23T08:24:36.888Z,419
2025-08-23T08:25:35.084Z,419
2025-08-23T08:26:33.786Z,421
2025-08-23T08:27:35.284Z,421
2025-08-23T08:28:34.785Z,421
2025-08-23T08:29:34.385Z,421
2025-08-23T08:30:35.581Z,422
2025-08-23T08:31:36.285Z,422
2025-08-23T08:32:37.387Z,423
2025-08-23T08:33:36.989Z,424
2025-08-23T08:34:35.181Z,425
2025-08-23T08:35:35.984Z,425
2025-08-23T08:36:35.386Z,425
2025-08-23T08:37:35.281Z,425
2025-08-23T08:38:36.977Z,425
2025-08-23T08:39:35.893Z,425
2025-08-23T08:40:35.785Z,425
2025-08-23T08:41:39.087Z,425
2025-08-23T08:42:39.387Z,424
2025-08-23T08:43:35.787Z,424
2025-08-23T08:44:33.985Z,424
2025-08-23T08:45:35.279Z,424
2025-08-23T08:46:35.684Z,424
2025-08-23T08:47:36.785Z,423
2025-08-23T08:48:36.783Z,423
2025-08-23T08:49:38.091Z,425
2025-08-23T08:50:36.090Z,423
2025-08-23T08:51:36.786Z,423
2025-08-23T08:52:36.486Z,423
2025-08-23T08:53:35.681Z,421
2025-08-23T08:54:35.512Z,421
2025-08-23T08:55:38.389Z,421
2025-08-23T08:56:37.690Z,421
2025-08-23T08:57:39.784Z,421
2025-08-23T08:58:32.597Z,421
2025-08-23T08:59:33.387Z,421
2025-08-23T09:00:38.794Z,421
2025-08-23T09:01:39.284Z,421
2025-08-23T09:02:37.787Z,421
2025-08-23T09:03:37.684Z,421
2025-08-23T09:04:38.688Z,421
2025-08-23T09:05:40.084Z,421
2025-08-23T09:06:36.483Z,419
2025-08-23T09:07:35.288Z,419
2025-08-23T09:08:38.685Z,419
2025-08-23T09:09:40.792Z,419
2025-08-23T09:10:38.674Z,419
2025-08-23T09:11:38.286Z,419
2025-08-23T09:12:35.979Z,419
2025-08-23T09:13:38.880Z,419
2025-08-23T09:14:35.987Z,420
2025-08-23T09:15:37.788Z,423
2025-08-23T09:16:39.386Z,423
2025-08-23T09:17:38.088Z,423
2025-08-23T09:18:39.267Z,423
2025-08-23T09:19:38.782Z,422
2025-08-23T09:20:38.980Z,422
2025-08-23T09:21:37.878Z,423
2025-08-23T09:22:40.090Z,424
2025-08-23T09:23:38.991Z,426
2025-08-23T09:24:39.391Z,427
2025-08-23T09:25:38.984Z,428
2025-08-23T09:26:38.187Z,428
2025-08-23T09:27:37.688Z,428
2025-08-23T09:28:38.489Z,428
2025-08-23T09:29:44.379Z,429
2025-08-23T09:30:39.290Z,427
2025-08-23T09:31:38.389Z,427
2025-08-23T09:32:39.087Z,427
2025-08-23T09:33:37.979Z,426
2025-08-23T09:34:38.085Z,427
2025-08-23T09:35:37.581Z,427
2025-08-23T09:36:37.292Z,427
2025-08-23T09:37:35.681Z,427
2025-08-23T09:38:39.088Z,427
2025-08-23T09:39:36.486Z,429
2025-08-23T09:40:39.593Z,429
2025-08-23T09:41:40.085Z,427
2025-08-23T09:42:37.284Z,427
2025-08-23T09:43:39.187Z,427
2025-08-23T09:44:40.484Z,429
2025-08-23T09:45:44.096Z,431
2025-08-23T09:46:43.791Z,431
2025-08-23T09:47:40.683Z,431
2025-08-23T09:48:42.586Z,431
2025-08-23T09:49:37.885Z,431
2025-08-23T09:50:39.190Z,430
2025-08-23T09:51:39.887Z,431
2025-08-23T09:52:37.888Z,431
2025-08-23T09:53:39.984Z,431
2025-08-23T09:54:38.286Z,433
2025-08-23T09:55:38.889Z,432
2025-08-23T09:56:38.588Z,432
2025-08-23T09:57:39.592Z,434
2025-08-23T09:58:37.287Z,434
2025-08-23T09:59:35.591Z,434
2025-08-23T10:00:38.888Z,434
2025-08-23T10:01:40.892Z,434
2025-08-23T10:02:36.987Z,435
2025-08-23T10:03:39.288Z,435
2025-08-23T10:04:39.490Z,435
2025-08-23T10:05:40.087Z,436
2025-08-23T10:06:38.590Z,437
2025-08-23T10:07:36.990Z,438
2025-08-23T10:08:43.990Z,439
2025-08-23T10:09:37.293Z,439
2025-08-23T10:10:36.884Z,439
2025-08-23T10:11:37.592Z,439
2025-08-23T10:12:41.485Z,439
2025-08-23T10:13:38.790Z,439
2025-08-23T10:14:39.685Z,439
2025-08-23T10:15:40.193Z,440
2025-08-23T10:16:45.585Z,441
2025-08-23T10:17:38.687Z,441
2025-08-23T10:18:40.479Z,441
2025-08-23T10:19:40.488Z,442
2025-08-23T10:20:37.889Z,443
2025-08-23T10:21:39.683Z,443
2025-08-23T10:22:46.088Z,443
2025-08-23T10:23:39.886Z,443
2025-08-23T10:24:41.884Z,444
2025-08-23T10:25:38.786Z,444
2025-08-23T10:26:39.387Z,444
2025-08-23T10:27:43.686Z,444
2025-08-23T10:28:37.889Z,444
2025-08-23T10:29:38.181Z,444
2025-08-23T10:30:41.788Z,443
2025-08-23T10:31:44.187Z,443
2025-08-23T10:32:44.892Z,443
2025-08-23T10:33:44.287Z,443
2025-08-23T10:34:44.684Z,443
2025-08-23T10:35:46.383Z,443
2025-08-23T10:36:50.480Z,444
2025-08-23T10:37:47.190Z,445
2025-08-23T10:38:43.990Z,446
2025-08-23T10:39:41.387Z,446
2025-08-23T10:40:43.482Z,446
2025-08-23T10:41:40.389Z,448
2025-08-23T10:42:41.880Z,448
2025-08-23T10:43:41.684Z,448
2025-08-23T10:44:40.890Z,448
2025-08-23T10:45:46.588Z,448
2025-08-23T10:46:40.288Z,448
2025-08-23T10:47:40.893Z,448
2025-08-23T10:48:41.586Z,448
2025-08-23T10:49:41.680Z,448
2025-08-23T10:50:47.389Z,448
2025-08-23T10:51:44.391Z,448
2025-08-23T11:52:11.979Z,446
2025-08-23T11:52:57.887Z,465
2025-08-23T11:54:18.479Z,503
2025-08-23T11:54:24.286Z,503
2025-08-23T11:54:24.789Z,503
2025-08-23T11:54:25.682Z,503
2025-08-23T11:54:26.088Z,503
2025-08-23T11:54:26.582Z,503
2025-08-23T11:54:27.084Z,503
2025-08-23T11:54:32.184Z,503
2025-08-23T11:54:32.691Z,503
2025-08-23T11:54:33.389Z,503
2025-08-23T11:55:24.978Z,503
2025-08-23T11:55:30.884Z,503
2025-08-23T11:55:36.082Z,503
2025-08-23T11:55:36.988Z,503
2025-08-23T11:55:37.786Z,503
2025-08-23T11:55:38.292Z,503
2025-08-23T11:55:42.681Z,503
2025-08-23T11:55:43.385Z,465
2025-08-23T11:55:44.089Z,503
2025-08-23T11:55:44.879Z,503
2025-08-23T11:56:28.886Z,503
2025-08-23T11:56:34.792Z,503
2025-08-23T11:56:44.790Z,503
2025-08-23T11:56:45.091Z,503
2025-08-23T11:56:45.392Z,503
2025-08-23T11:56:45.581Z,503
2025-08-23T11:56:45.890Z,503
2025-08-23T11:56:46.387Z,503
2025-08-23T11:56:46.589Z,503
2025-08-23T11:56:46.792Z,503
2025-08-23T11:57:35.787Z,503
2025-08-23T11:57:50.888Z,503
2025-08-23T11:57:51.287Z,503
2025-08-23T11:57:51.589Z,503
2025-08-23T11:57:51.888Z,503
2025-08-23T11:57:52.185Z,503
2025-08-23T11:57:52.389Z,503
2025-08-23T11:57:52.889Z,503
2025-08-23T11:57:53.181Z,503
2025-08-23T11:57:54.789Z,503
2025-08-23T11:58:50.680Z,503
2025-08-23T11:58:51.189Z,503
2025-08-23T11:58:51.485Z,503
2025-08-23T11:58:51.788Z,503
2025-08-23T11:58:52.189Z,503
2025-08-23T11:58:52.386Z,503
2025-08-23T11:58:52.689Z,503
2025-08-23T11:58:52.890Z,503
2025-08-23T11:58:53.388Z,503
2025-08-23T11:58:53.694Z,503
2025-08-23T11:59:51.090Z,503
2025-08-23T11:59:51.590Z,503
2025-08-23T11:59:51.889Z,503
2025-08-23T11:59:52.191Z,503
2025-08-23T11:59:52.490Z,503
2025-08-23T11:59:52.986Z,503
2025-08-23T11:59:53.278Z,503
2025-08-23T11:59:53.390Z,503
2025-08-23T11:59:53.681Z,503
2025-08-23T11:59:53.984Z,465
2025-08-23T12:00:51.390Z,465
2025-08-23T12:00:51.784Z,465
2025-08-23T12:00:52.090Z,465
2025-08-23T12:00:52.391Z,465
2025-08-23T12:00:52.689Z,467
2025-08-23T12:01:46.780Z,467
2025-08-23T12:02:51.191Z,467
2025-08-23T12:03:49.391Z,468
2025-08-23T12:04:47.982Z,467
2025-08-23T12:05:49.578Z,468
2025-08-23T12:06:48.486Z,470
2025-08-23T12:07:47.185Z,469
2025-08-23T12:08:47.086Z,467
2025-08-23T12:09:48.785Z,467
2025-08-23T12:10:43.791Z,466
2025-08-23T12:11:51.286Z,466
2025-08-23T12:12:54.983Z,466
2025-08-23T12:13:51.084Z,466
2025-08-23T12:14:52.280Z,465
2025-08-23T12:15:55.481Z,467
2025-08-23T12:16:52.986Z,467
2025-08-23T12:17:49.284Z,467
2025-08-23T12:18:49.783Z,467
2025-08-23T12:19:50.083Z,469
2025-08-23T12:20:54.283Z,469
2025-08-23T12:21:53.987Z,469
2025-08-23T12:22:54.592Z,469
2025-08-23T12:23:47.396Z,469
2025-08-23T12:24:50.189Z,469
2025-08-23T12:25:50.689Z,469
2025-08-23T12:26:46.785Z,469
2025-08-23T12:27:49.991Z,469
2025-08-23T12:28:46.678Z,469
2025-08-23T12:29:48.387Z,469
2025-08-23T12:30:50.589Z,469
2025-08-23T12:31:49.391Z,469
2025-08-23T12:32:50.182Z,469
2025-08-23T12:34:01.192Z,469
2025-08-23T12:34:59.793Z,469
2025-08-23T12:35:45.882Z,469
2025-08-23T12:36:49.983Z,469
2025-08-23T12:37:55.283Z,469
2025-08-23T12:38:51.889Z,468
2025-08-23T12:39:49.482Z,469
2025-08-23T12:40:56.482Z,469
2025-08-23T12:41:53.879Z,471
2025-08-23T12:42:58.688Z,471
2025-08-23T12:43:49.992Z,471
2025-08-23T12:44:52.883Z,471
2025-08-23T12:45:52.487Z,472
2025-08-23T12:47:02.388Z,472
2025-08-23T12:48:02.688Z,472
2025-08-23T12:49:52.484Z,474
2025-08-23T13:29:23.029Z,280
2025-08-23T13:30:22.864Z,281
2025-08-23T13:31:21.042Z,283
2025-08-23T13:32:23.689Z,291
2025-08-23T13:33:22.623Z,294
2025-08-23T13:34:24.324Z,297
2025-08-23T13:35:23.260Z,298
2025-08-23T13:36:23.767Z,300
2025-08-23T13:37:24.674Z,301
2025-08-23T13:38:25.069Z,304
2025-08-23T13:39:25.740Z,309
2025-08-23T13:40:25.196Z,317
2025-08-23T13:41:25.615Z,320
2025-08-23T13:42:28.671Z,324
2025-08-23T13:43:26.840Z,326
2025-08-23T13:44:26.458Z,329
2025-08-23T13:45:27.662Z,335
2025-08-23T13:46:26.888Z,339
2025-08-23T13:47:26.587Z,346
2025-08-23T13:48:27.341Z,350
2025-08-23T13:49:28.083Z,354
2025-08-23T13:50:25.804Z,357
2025-08-23T13:51:27.795Z,360
2025-08-23T13:52:27.762Z,365
2025-08-23T13:53:26.095Z,371
2025-08-23T13:54:28.326Z,377
2025-08-23T13:55:28.490Z,368
2025-08-23T13:56:26.842Z,372
2025-08-23T13:57:27.523Z,375
2025-08-23T13:58:28.673Z,379
2025-08-23T13:59:26.469Z,387
2025-08-23T14:00:29.399Z,391
2025-08-23T14:01:26.159Z,393
2025-08-23T14:02:26.087Z,392
2025-08-23T14:03:28.395Z,392
2025-08-23T14:04:36.099Z,390
2025-08-23T14:05:29.486Z,392
2025-08-23T14:06:29.081Z,394
2025-08-23T14:07:29.616Z,395
2025-08-23T14:08:27.168Z,398
2025-08-23T14:09:29.782Z,398
2025-08-23T14:10:28.277Z,399
2025-08-23T14:11:29.471Z,399
2025-08-23T14:12:26.530Z,399
2025-08-23T14:13:29.664Z,399
2025-08-23T14:14:26.915Z,399
2025-08-23T14:15:27.232Z,400
2025-08-23T14:16:26.801Z,400
2025-08-23T14:17:28.893Z,403
2025-08-23T14:18:29.706Z,402
2025-08-23T14:19:26.875Z,405
2025-08-23T14:20:27.463Z,405
2025-08-23T14:21:29.274Z,405
2025-08-23T14:22:27.108Z,405
2025-08-23T14:23:28.086Z,405
2025-08-23T14:24:28.186Z,406
2025-08-23T14:25:28.095Z,410
2025-08-23T14:26:29.346Z,410
2025-08-23T14:27:26.721Z,410
2025-08-23T14:28:28.351Z,410
2025-08-23T14:29:27.745Z,410
2025-08-23T14:30:28.587Z,400
2025-08-23T14:31:29.125Z,403
2025-08-23T14:32:29.167Z,402
2025-08-23T14:33:28.758Z,402
2025-08-23T14:34:28.078Z,390
2025-08-23T14:35:28.469Z,390
2025-08-23T14:36:30.498Z,392
2025-08-23T14:37:28.270Z,382
2025-08-23T14:38:30.790Z,381
2025-08-23T14:39:28.941Z,381
2025-08-23T14:40:29.017Z,381
2025-08-23T14:41:27.799Z,381
2025-08-23T14:42:27.891Z,381
2025-08-23T14:43:31.017Z,381
2025-08-23T14:44:30.489Z,380
2025-08-23T14:45:28.760Z,380
2025-08-23T14:46:29.328Z,380
2025-08-23T14:47:28.660Z,380
2025-08-23T14:48:29.067Z,380
2025-08-23T14:49:28.067Z,380
2025-08-23T14:50:30.865Z,380
2025-08-23T14:51:29.107Z,382
2025-08-23T14:52:30.084Z,383
2025-08-23T14:53:29.416Z,383
2025-08-23T14:54:29.478Z,383
2025-08-23T14:55:28.185Z,382
2025-08-23T14:56:28.036Z,382
2025-08-23T14:57:29.265Z,382
2025-08-23T14:58:29.045Z,385
2025-08-23T14:59:28.288Z,384
2025-08-23T15:00:30.309Z,382
2025-08-23T15:01:31.451Z,382
2025-08-23T15:02:31.577Z,382
2025-08-23T15:03:30.372Z,382
2025-08-23T15:04:30.721Z,382
2025-08-23T15:05:30.290Z,385
2025-08-23T15:06:30.476Z,385
2025-08-23T15:07:31.899Z,384
2025-08-23T15:08:29.890Z,384
2025-08-23T15:09:31.093Z,384
2025-08-23T15:10:31.288Z,384
2025-08-23T15:11:30.493Z,382
2025-08-23T15:12:29.790Z,382
2025-08-23T15:13:32.197Z,382
2025-08-23T15:14:32.687Z,381
2025-08-23T15:15:30.186Z,380
2025-08-23T15:16:30.595Z,380
2025-08-23T15:17:31.688Z,380
2025-08-23T15:18:31.281Z,384
2025-08-23T15:19:30.401Z,384
2025-08-23T15:20:31.538Z,375
2025-08-23T15:21:30.694Z,373
2025-08-23T15:22:30.986Z,373
2025-08-23T15:23:31.683Z,373
2025-08-23T15:24:31.086Z,373
2025-08-23T15:25:32.885Z,373
2025-08-23T15:26:31.181Z,373
2025-08-23T15:27:31.162Z,373
2025-08-23T15:28:34.361Z,374
2025-08-23T15:29:32.788Z,376
2025-08-23T15:30:30.307Z,376
2025-08-23T15:31:30.397Z,376
2025-08-23T15:32:33.391Z,376
2025-08-23T15:33:31.994Z,376
2025-08-23T15:34:30.973Z,377
2025-08-23T15:35:31.257Z,378
2025-08-23T15:36:34.576Z,378
2025-08-23T15:37:32.497Z,378
2025-08-23T15:38:32.322Z,378
2025-08-23T15:39:33.186Z,378
2025-08-23T15:40:32.986Z,378
2025-08-23T15:41:31.826Z,378
2025-08-23T15:42:31.495Z,387
2025-08-23T15:43:32.587Z,389
2025-08-23T15:44:31.623Z,388
2025-08-23T15:45:30.819Z,388
2025-08-23T15:46:31.350Z,388
2025-08-23T15:47:27.094Z,388
2025-08-23T15:48:31.288Z,388
2025-08-23T15:49:29.310Z,388
2025-08-23T15:50:30.426Z,388
2025-08-23T15:51:32.289Z,389
2025-08-23T15:52:28.701Z,389
2025-08-23T15:53:28.551Z,390
2025-08-23T15:54:27.505Z,390
2025-08-23T15:55:28.821Z,391
2025-08-23T15:56:27.928Z,392
2025-08-23T15:57:27.803Z,392
2025-08-23T15:58:30.147Z,392
2025-08-23T15:59:32.091Z,392
2025-08-23T16:00:28.804Z,396
2025-08-23T16:01:31.186Z,392
2025-08-23T16:02:32.937Z,393
2025-08-23T16:03:31.485Z,403
2025-08-23T16:04:30.725Z,395
2025-08-23T16:05:30.986Z,393
2025-08-23T16:06:28.691Z,392
2025-08-23T16:07:31.601Z,393
2025-08-23T16:08:28.756Z,393
2025-08-23T16:09:29.291Z,392
2025-08-23T16:10:28.494Z,392
2025-08-23T16:11:31.377Z,393
2025-08-23T16:12:31.189Z,396
2025-08-23T16:13:32.347Z,396
2025-08-23T16:14:28.277Z,397
2025-08-23T16:15:32.087Z,399
2025-08-23T16:16:34.127Z,399
2025-08-23T16:17:32.389Z,399
2025-08-23T16:18:30.286Z,402
2025-08-23T16:19:31.594Z,403
2025-08-23T16:20:32.987Z,404
2025-08-23T16:21:32.989Z,404
2025-08-23T16:22:27.856Z,404
2025-08-23T16:23:33.553Z,407
2025-08-23T16:24:34.454Z,407
2025-08-23T16:25:32.290Z,406
2025-08-23T16:26:30.686Z,407
2025-08-23T16:27:35.491Z,409
2025-08-23T16:28:34.302Z,408
2025-08-23T16:29:31.872Z,411
2025-08-23T16:30:31.903Z,411
2025-08-23T16:31:33.159Z,412
2025-08-23T16:32:32.796Z,409
2025-08-23T16:33:33.849Z,407
2025-08-23T16:34:34.842Z,409
2025-08-23T16:35:33.810Z,409
2025-08-23T16:36:35.407Z,410
2025-08-23T16:37:33.787Z,412
2025-08-23T16:38:35.889Z,414
2025-08-23T16:39:31.840Z,414
2025-08-23T16:40:34.586Z,417
2025-08-23T16:41:32.986Z,420
2025-08-23T16:42:29.786Z,420
2025-08-23T16:43:29.522Z,418
2025-08-23T16:44:30.190Z,418
2025-08-23T16:45:29.487Z,418
2025-08-23T16:46:30.116Z,418
2025-08-23T16:47:30.491Z,420
2025-08-23T16:48:33.189Z,416
2025-08-23T16:49:33.405Z,414
2025-08-23T16:50:32.989Z,414
2025-08-23T16:51:34.792Z,415
2025-08-23T16:52:33.701Z,418
2025-08-23T16:53:34.587Z,422
2025-08-23T16:54:33.122Z,421
2025-08-23T16:55:36.493Z,421
2025-08-23T16:56:35.786Z,421
2025-08-23T16:57:34.589Z,423
2025-08-23T16:58:34.528Z,423
2025-08-23T16:59:33.391Z,424
2025-08-23T17:25:25.397Z,279
2025-08-23T17:26:23.673Z,285
2025-08-23T17:27:22.269Z,270
2025-08-23T17:28:23.378Z,275
2025-08-23T17:29:24.035Z,279
2025-08-23T17:30:25.266Z,285
2025-08-23T17:31:25.667Z,287
2025-08-23T17:32:27.502Z,291
2025-08-23T17:33:29.408Z,294
2025-08-23T17:34:26.762Z,302
2025-08-23T17:35:28.243Z,306
2025-08-23T17:36:26.068Z,311
2025-08-23T17:37:28.056Z,314
2025-08-23T17:38:29.569Z,321
2025-08-23T17:39:25.772Z,323
2025-08-23T17:40:27.950Z,335
2025-08-23T17:41:27.947Z,338
2025-08-23T17:42:25.568Z,343
2025-08-23T17:43:26.175Z,347
2025-08-23T17:44:27.149Z,350
2025-08-23T17:45:27.273Z,355
2025-08-23T17:46:27.368Z,359
2025-08-23T17:47:27.500Z,363
2025-08-23T17:48:30.068Z,368
2025-08-23T17:49:26.761Z,373
2025-08-23T17:50:28.683Z,377
2025-08-23T17:51:26.427Z,383
2025-08-23T17:52:28.385Z,391
2025-08-23T17:53:27.444Z,394
2025-08-23T17:54:25.479Z,394
2025-08-23T17:55:26.768Z,392
2025-08-23T17:56:26.786Z,395
2025-08-23T17:57:28.661Z,395
2025-08-23T17:58:26.679Z,393
2025-08-23T17:59:29.381Z,400
2025-08-23T18:00:27.753Z,385
2025-08-23T18:01:26.339Z,383
2025-08-23T18:02:29.065Z,386
2025-08-23T18:03:26.690Z,386
2025-08-23T18:04:26.561Z,386
2025-08-23T18:05:26.751Z,374
2025-08-23T18:06:26.917Z,372
2025-08-23T18:07:28.479Z,372
2025-08-23T18:08:26.973Z,371
2025-08-23T18:09:26.634Z,376
2025-08-23T18:10:28.381Z,381
2025-08-23T18:11:27.219Z,379
2025-08-23T18:12:26.352Z,379
2025-08-23T18:13:27.900Z,381
2025-08-23T18:14:27.765Z,383
2025-08-23T18:15:27.388Z,381
2025-08-23T18:16:27.254Z,381
2025-08-23T18:17:27.219Z,381
2025-08-23T18:18:29.081Z,379
2025-08-23T18:19:29.484Z,378
2025-08-23T18:20:30.156Z,379
2025-08-23T18:21:27.506Z,380
2025-08-23T18:22:27.975Z,384
2025-08-23T18:23:29.585Z,384
2025-08-23T18:24:29.301Z,384
2025-08-23T18:25:29.270Z,384
2025-08-23T18:26:28.575Z,382
2025-08-23T18:27:29.944Z,380
2025-08-23T18:28:28.801Z,380
2025-08-23T18:29:30.642Z,380
2025-08-23T18:30:30.134Z,380
2025-08-23T18:31:27.697Z,380
2025-08-23T18:32:28.636Z,380
2025-08-23T18:33:29.407Z,380
2025-08-23T18:34:29.427Z,381
2025-08-23T18:35:29.377Z,382
2025-08-23T18:36:28.619Z,382
2025-08-23T18:37:29.886Z,384
2025-08-23T18:38:29.747Z,385
2025-08-23T18:39:29.084Z,385
2025-08-23T18:40:30.134Z,385
2025-08-23T18:41:28.145Z,385
2025-08-23T18:42:28.220Z,385
2025-08-23T18:43:29.488Z,385
2025-08-23T18:44:30.148Z,385
2025-08-23T18:45:30.015Z,385
2025-08-23T18:46:30.066Z,385
2025-08-23T18:47:29.290Z,385
2025-08-23T18:48:28.866Z,385
2025-08-23T18:49:28.154Z,385
2025-08-23T18:50:28.774Z,386
2025-08-23T18:51:30.592Z,388
2025-08-23T18:52:30.025Z,388
2025-08-23T18:53:29.725Z,388
2025-08-23T18:54:30.332Z,389
2025-08-23T18:55:30.726Z,390
2025-08-23T18:56:28.741Z,390
2025-08-23T18:57:29.941Z,390
2025-08-23T18:58:29.347Z,390
2025-08-23T18:59:28.762Z,390
2025-08-23T19:00:30.095Z,392
2025-08-23T19:01:29.055Z,390
2025-08-23T19:02:28.784Z,390
2025-08-23T19:03:28.985Z,390
2025-08-23T19:04:29.423Z,392
2025-08-23T19:05:29.885Z,393
2025-08-23T19:06:30.988Z,394
2025-08-23T19:07:30.354Z,397
2025-08-23T19:08:30.048Z,400
2025-08-23T19:09:29.886Z,399
2025-08-23T19:10:29.879Z,399
2025-08-23T19:11:28.353Z,402
2025-08-23T19:12:28.937Z,394
2025-08-23T19:13:30.972Z,398
2025-08-23T19:14:30.180Z,392
2025-08-23T19:15:30.110Z,392
2025-08-23T19:16:29.179Z,392
2025-08-23T19:17:29.291Z,391
2025-08-23T19:18:31.803Z,391
2025-08-23T19:19:29.262Z,391
2025-08-23T19:20:29.662Z,391
2025-08-23T19:21:29.180Z,391
2025-08-23T19:22:29.624Z,391
2025-08-23T19:23:30.283Z,392
2025-08-23T19:24:30.393Z,392
2025-08-23T19:25:30.291Z,392
2025-08-23T19:26:31.484Z,392
2025-08-23T19:27:30.683Z,392
2025-08-23T19:28:30.780Z,392
2025-08-23T19:29:26.366Z,392
2025-08-23T19:30:26.533Z,390
2025-08-23T19:31:27.125Z,387
2025-08-23T19:32:27.581Z,387
2025-08-23T19:33:27.678Z,390
2025-08-23T19:34:31.080Z,390
2025-08-23T19:35:26.775Z,390
2025-08-23T19:36:30.468Z,393
2025-08-23T19:37:30.032Z,394
2025-08-23T19:38:30.584Z,394
2025-08-23T19:39:26.824Z,394
2025-08-23T19:40:30.440Z,395
2025-08-23T19:41:27.006Z,397
2025-08-23T19:42:27.143Z,397
2025-08-23T19:43:28.885Z,398
2025-08-23T19:44:27.067Z,399
2025-08-23T19:45:27.881Z,399
2025-08-23T19:46:26.885Z,398
2025-08-23T19:47:27.090Z,396
2025-08-23T19:48:27.183Z,396
2025-08-23T19:49:28.863Z,396
2025-08-23T19:50:28.056Z,397
2025-08-23T19:51:28.437Z,398
2025-08-23T19:52:31.382Z,398
2025-08-23T19:53:31.682Z,398
2025-08-23T19:54:31.774Z,398
2025-08-23T19:55:27.863Z,398
2025-08-23T19:56:27.589Z,398
2025-08-23T19:57:26.739Z,398
2025-08-23T19:58:30.188Z,398
2025-08-23T19:59:29.958Z,398
2025-08-23T20:00:30.089Z,398
2025-08-23T20:01:31.529Z,398
2025-08-23T20:02:30.632Z,398
2025-08-23T20:03:28.649Z,396
2025-08-23T20:04:28.282Z,396
2025-08-23T20:05:31.580Z,396
2025-08-23T20:06:32.379Z,399
2025-08-23T20:07:29.018Z,399
2025-08-23T20:08:27.572Z,400
2025-08-23T20:09:26.637Z,402
2025-08-23T20:19:23.051Z,276
2025-08-23T20:20:25.497Z,277
2025-08-23T20:21:22.522Z,279
2025-08-23T20:22:25.007Z,284
2025-08-23T20:23:24.082Z,287
2025-08-23T20:24:24.403Z,295
2025-08-23T20:25:25.781Z,297
2025-08-23T20:26:28.722Z,301
2025-08-23T20:27:26.896Z,306
2025-08-23T20:28:26.885Z,307
2025-08-23T20:29:27.178Z,288
2025-08-23T20:30:27.777Z,289
2025-08-23T20:31:27.687Z,290
2025-08-23T20:32:28.100Z,292
2025-08-23T20:33:27.422Z,294
2025-08-23T20:34:27.287Z,296
2025-08-23T20:35:29.319Z,297
2025-08-23T20:36:26.443Z,297
2025-08-23T20:37:27.257Z,298
2025-08-23T20:38:26.577Z,301
2025-08-23T20:39:26.523Z,303
2025-08-23T20:40:27.741Z,310
2025-08-23T20:41:27.845Z,314
2025-08-23T20:42:28.508Z,318
2025-08-23T20:43:26.650Z,320
2025-08-23T20:44:25.508Z,322
2025-08-23T20:45:29.933Z,324
2025-08-23T20:46:29.401Z,326
2025-08-23T20:47:26.491Z,328
2025-08-23T20:48:28.325Z,331
2025-08-23T20:49:29.898Z,333
2025-08-23T20:50:28.313Z,336
2025-08-23T20:51:29.726Z,340
2025-08-23T20:52:30.744Z,345
2025-08-23T20:53:27.669Z,348
2025-08-23T20:54:29.604Z,351
2025-08-23T20:55:26.868Z,353
2025-08-23T20:56:29.091Z,356
2025-08-23T20:57:26.741Z,360
2025-08-23T20:58:29.722Z,364
2025-08-23T20:59:27.632Z,366
2025-08-23T21:00:27.597Z,368
2025-08-23T21:01:28.541Z,371
2025-08-23T21:02:27.178Z,375
2025-08-23T21:03:30.301Z,377
2025-08-23T21:04:28.224Z,377
2025-08-23T21:05:29.226Z,377
2025-08-23T21:06:29.090Z,377
2025-08-23T21:07:29.334Z,377
2025-08-23T21:08:31.898Z,377
2025-08-23T21:09:28.623Z,378
2025-08-23T21:10:29.668Z,377
2025-08-23T21:11:28.942Z,376
2025-08-23T21:12:29.628Z,376
2025-08-23T21:13:28.102Z,376
2025-08-23T21:14:30.209Z,380
2025-08-23T21:15:28.720Z,378
2025-08-23T21:16:31.519Z,378
2025-08-23T21:17:29.623Z,378
2025-08-23T21:18:29.803Z,379
2025-08-23T21:19:31.069Z,380
2025-08-23T21:20:28.334Z,381
2025-08-23T21:21:30.312Z,381
2025-08-23T21:22:28.233Z,378
2025-08-23T21:23:32.345Z,378
2025-08-23T21:24:29.148Z,378
2025-08-23T21:25:28.860Z,381
2025-08-23T21:26:28.631Z,365
2025-08-23T21:27:28.683Z,363
2025-08-23T21:28:28.883Z,363
2025-08-23T21:29:30.795Z,363
2025-08-23T21:30:29.745Z,363
2025-08-23T21:31:29.938Z,372
2025-08-23T21:32:31.579Z,375
2025-08-23T21:33:27.754Z,375
2025-08-23T21:34:29.941Z,375
2025-08-23T21:35:31.486Z,375
2025-08-23T21:36:28.324Z,381
2025-08-23T21:37:29.856Z,383
2025-08-23T21:38:28.636Z,382
2025-08-23T21:39:29.032Z,386
2025-08-23T21:40:31.177Z,388
2025-08-23T21:41:28.941Z,390
2025-08-23T21:42:32.885Z,380
2025-08-23T21:43:30.716Z,380
2025-08-23T21:44:29.082Z,380
2025-08-23T21:45:29.078Z,380
2025-08-23T21:46:29.196Z,380
2025-08-23T21:47:28.756Z,380
2025-08-23T21:48:31.795Z,380
2025-08-23T21:49:31.916Z,381
2025-08-23T21:50:29.606Z,387
2025-08-23T21:51:30.344Z,388
2025-08-23T21:52:30.502Z,388
2025-08-23T21:53:32.823Z,388
2025-08-23T21:54:30.142Z,389
2025-08-23T21:55:30.745Z,392
2025-08-23T21:56:30.564Z,396
2025-08-23T21:57:30.633Z,398
2025-08-23T21:58:30.131Z,398
2025-08-23T21:59:30.352Z,400
2025-08-23T22:00:32.612Z,400
2025-08-23T22:01:32.511Z,403
2025-08-23T22:02:30.994Z,403
2025-08-23T22:03:31.345Z,403
2025-08-23T22:04:32.642Z,403
2025-08-23T22:05:31.406Z,394
2025-08-23T22:06:30.155Z,394
2025-08-23T22:07:30.962Z,394
2025-08-23T22:08:30.849Z,395
2025-08-23T22:09:32.023Z,395
2025-08-23T22:10:31.420Z,395
2025-08-23T22:11:33.969Z,395
2025-08-23T22:12:32.895Z,395
2025-08-23T22:13:30.640Z,396
2025-08-23T22:14:32.109Z,395
2025-08-23T22:15:30.526Z,395
2025-08-23T22:16:30.929Z,395
2025-08-23T22:17:30.105Z,395
2025-08-23T22:18:31.258Z,396
2025-08-23T22:19:30.348Z,397
2025-08-23T22:20:33.545Z,397
2025-08-23T22:21:27.444Z,397
2025-08-23T22:22:28.106Z,397
2025-08-23T22:23:31.344Z,397
2025-08-23T22:24:33.246Z,397
2025-08-23T22:25:28.942Z,397
2025-08-23T22:26:31.032Z,396
2025-08-23T22:27:31.899Z,396
2025-08-23T22:28:33.195Z,396
2025-08-23T22:29:32.625Z,396
2025-08-23T22:30:32.412Z,396
2025-08-23T22:31:32.162Z,395
2025-08-23T22:32:34.763Z,395
2025-08-23T22:33:32.722Z,395
2025-08-23T22:34:32.925Z,395
2025-08-23T22:35:28.917Z,395
2025-08-23T22:36:34.577Z,395
2025-08-23T22:37:33.940Z,395
2025-08-23T22:38:29.772Z,395
2025-08-23T22:39:27.926Z,395
2025-08-23T22:40:31.381Z,396
2025-08-23T22:41:29.748Z,397
2025-08-23T22:42:29.828Z,397
2025-08-23T22:43:34.043Z,397
2025-08-23T22:44:29.611Z,397
2025-08-23T22:45:30.635Z,396
2025-08-23T22:46:32.501Z,399
2025-08-23T22:47:30.432Z,398
2025-08-23T22:48:34.535Z,398
2025-08-23T22:49:31.928Z,397
2025-08-23T22:50:34.389Z,395
2025-08-23T22:51:30.906Z,395
2025-08-23T22:52:32.337Z,397
2025-08-23T22:53:33.635Z,399
2025-08-23T22:54:32.296Z,399
2025-08-23T22:55:32.407Z,399
2025-08-23T22:56:28.805Z,399
2025-08-23T22:57:29.781Z,399
2025-08-23T22:58:33.140Z,390
2025-08-23T22:59:33.149Z,390
2025-08-23T23:00:32.941Z,390
2025-08-23T23:01:32.212Z,392
2025-08-23T23:02:30.526Z,387
2025-08-23T23:03:30.879Z,389
2025-08-23T23:04:34.104Z,385
2025-08-23T23:05:33.113Z,383
2025-08-23T23:06:31.494Z,376
2025-08-23T23:07:30.547Z,376
2025-08-23T23:08:29.541Z,382
2025-08-23T23:09:29.242Z,384
2025-08-23T23:11:28.552Z,384
2025-08-23T23:12:28.750Z,384
2025-08-23T23:13:32.855Z,385
2025-08-23T23:14:30.948Z,387
2025-08-23T23:15:30.867Z,387
2025-08-23T23:16:34.222Z,387
2025-08-23T23:17:30.723Z,387
2025-08-23T23:18:29.389Z,385
2025-08-23T23:19:33.649Z,386
2025-08-23T23:20:34.641Z,388
2025-08-23T23:21:32.604Z,388
2025-08-23T23:22:30.344Z,386
2025-08-23T23:23:29.243Z,389
2025-08-23T23:24:34.031Z,389
2025-08-23T23:25:33.424Z,389
2025-08-23T23:26:34.009Z,390
2025-08-23T23:27:31.543Z,391
2025-08-23T23:28:38.137Z,385
2025-08-23T23:29:37.712Z,385
2025-08-23T23:30:35.044Z,387
2025-08-23T23:31:33.342Z,386
2025-08-23T23:32:35.437Z,386
2025-08-23T23:33:33.496Z,386
2025-08-23T23:34:30.699Z,386
2025-08-23T23:35:32.123Z,387
2025-08-23T23:36:34.943Z,388
2025-08-23T23:37:32.444Z,385
2025-08-23T23:38:31.397Z,386
2025-08-23T23:39:33.892Z,388
2025-08-23T23:40:35.498Z,388
2025-08-23T23:41:38.552Z,389
2025-08-23T23:42:33.548Z,391
2025-08-23T23:43:30.542Z,391
2025-08-23T23:44:34.329Z,384
2025-08-23T23:45:34.898Z,384
2025-08-23T23:46:35.015Z,434
2025-08-23T23:47:34.746Z,434
2025-08-23T23:48:30.144Z,439
2025-08-23T23:49:31.761Z,441
2025-08-23T23:50:33.913Z,443
2025-08-23T23:51:34.746Z,442
2025-08-23T23:52:34.393Z,442
2025-08-23T23:53:31.849Z,444
2025-08-23T23:54:37.441Z,444
2025-08-23T23:55:34.443Z,445
2025-08-23T23:56:35.327Z,444
2025-08-23T23:57:35.444Z,444
2025-08-23T23:58:31.341Z,444
2025-08-23T23:59:30.951Z,449
2025-08-24T00:00:36.134Z,451
2025-08-24T00:01:35.441Z,451
2025-08-24T00:02:35.996Z,450
2025-08-24T00:03:36.072Z,448
2025-08-24T00:04:34.641Z,448
2025-08-24T00:05:34.640Z,449
2025-08-24T00:06:34.712Z,455
2025-08-24T00:07:32.543Z,455
2025-08-24T00:08:30.442Z,455
2025-08-24T00:09:33.545Z,451
2025-08-24T00:10:33.644Z,454
2025-08-24T00:11:35.046Z,453
2025-08-24T00:12:36.036Z,450
2025-08-24T00:13:34.542Z,450
2025-08-24T00:14:37.850Z,448
2025-08-24T00:15:34.029Z,449
2025-08-24T00:16:34.943Z,442
2025-08-24T00:17:33.627Z,445
2025-08-24T00:18:35.023Z,447
2025-08-24T00:19:29.934Z,447
2025-08-24T00:20:31.741Z,449
2025-08-24T00:21:32.686Z,450
2025-08-24T00:22:30.944Z,447
2025-08-24T00:23:32.944Z,448
2025-08-24T00:24:34.941Z,447
2025-08-24T00:25:34.452Z,444
2025-08-24T00:26:34.142Z,443
2025-08-24T00:27:34.642Z,442
2025-08-24T00:28:33.844Z,442
2025-08-24T00:29:33.943Z,442
2025-08-24T00:30:34.944Z,442
2025-08-24T00:31:38.949Z,444
2025-08-24T00:32:38.645Z,442
2025-08-24T00:33:36.240Z,441
2025-08-24T00:34:32.342Z,443
2025-08-24T00:35:32.041Z,442
2025-08-24T00:36:34.544Z,442
2025-08-24T00:37:32.846Z,442
2025-08-24T00:38:31.544Z,442
2025-08-24T00:39:35.244Z,442
2025-08-24T00:40:35.242Z,442
2025-08-24T00:41:37.141Z,441
2025-08-24T00:42:35.841Z,440
2025-08-24T00:43:36.844Z,440
2025-08-24T00:44:37.749Z,443
2025-08-24T00:45:38.059Z,442
2025-08-24T00:46:34.746Z,440
2025-08-24T00:47:36.346Z,439
2025-08-24T00:48:34.745Z,439
2025-08-24T00:49:35.248Z,438
2025-08-24T00:50:36.843Z,438
2025-08-24T00:51:39.249Z,438
2025-08-24T00:52:37.045Z,440
2025-08-24T00:53:37.543Z,441
2025-08-24T00:54:40.346Z,440
2025-08-24T00:55:35.612Z,440
2025-08-24T00:56:37.111Z,440
2025-08-24T00:57:36.946Z,437
2025-08-24T00:58:36.349Z,437
2025-08-24T00:59:37.805Z,436
2025-08-24T01:00:37.253Z,441
2025-08-24T01:01:37.536Z,442
2025-08-24T01:02:35.649Z,440
2025-08-24T01:03:35.745Z,440
2025-08-24T01:04:37.846Z,442
2025-08-24T01:05:36.792Z,437
2025-08-24T01:06:36.246Z,437
2025-08-24T01:07:37.545Z,437
2025-08-24T01:08:37.540Z,439
2025-08-24T01:09:37.944Z,438
2025-08-24T01:10:35.958Z,438
2025-08-24T01:11:35.011Z,438
2025-08-24T01:12:36.157Z,441
2025-08-24T01:13:37.246Z,441
2025-08-24T01:14:36.249Z,443
2025-08-24T01:15:36.843Z,443
2025-08-24T01:16:36.446Z,443
2025-08-24T01:17:38.244Z,443
2025-08-24T01:18:37.047Z,443
2025-08-24T01:19:37.548Z,443
2025-08-24T01:20:37.246Z,444
2025-08-24T01:21:35.005Z,445
2025-08-24T01:22:36.447Z,446
2025-08-24T01:23:34.743Z,447
2025-08-24T01:24:36.341Z,447
2025-08-24T01:25:36.543Z,447
2025-08-24T01:26:36.943Z,450
2025-08-24T01:27:35.546Z,452
2025-08-24T01:28:35.846Z,452
2025-08-24T01:29:36.048Z,454
2025-08-24T01:35:23.328Z,179
2025-08-24T01:36:23.256Z,187
2025-08-24T01:37:22.360Z,198
2025-08-24T01:38:23.571Z,212
2025-08-24T01:39:25.931Z,225
2025-08-24T01:40:26.618Z,238
2025-08-24T01:41:27.072Z,253
2025-08-24T01:42:26.428Z,269
2025-08-24T01:43:27.255Z,275
2025-08-24T01:44:26.774Z,282
2025-08-24T01:45:27.475Z,285
2025-08-24T01:46:29.150Z,288
2025-08-24T01:47:26.581Z,293
2025-08-24T01:48:27.166Z,296
2025-08-24T01:49:28.360Z,300
2025-08-24T01:50:27.253Z,303
2025-08-24T01:51:28.109Z,308
2025-08-24T01:52:28.009Z,310
2025-08-24T01:53:25.706Z,316
2025-08-24T01:54:25.797Z,321
2025-08-24T01:55:27.158Z,326
2025-08-24T01:56:26.106Z,331
2025-08-24T01:57:28.665Z,334
2025-08-24T01:58:28.644Z,341
2025-08-24T01:59:29.593Z,344
2025-08-24T02:00:30.242Z,348
2025-08-24T02:01:28.379Z,354
2025-08-24T02:02:28.974Z,359
2025-08-24T02:03:26.483Z,364
2025-08-24T02:04:27.214Z,370
2025-08-24T02:05:33.990Z,377
2025-08-24T02:06:29.850Z,385
2025-08-24T02:07:30.210Z,393
2025-08-24T02:08:26.013Z,399
2025-08-24T02:09:27.103Z,408
2025-08-24T02:10:30.882Z,414
2025-08-24T02:11:26.857Z,421
2025-08-24T02:12:31.198Z,409
2025-08-24T02:13:27.871Z,412
2025-08-24T02:14:30.793Z,416
2025-08-24T02:15:28.272Z,420
2025-08-24T02:16:26.910Z,429
2025-08-24T02:17:30.247Z,429
2025-08-24T02:18:26.991Z,428
2025-08-24T02:19:27.740Z,428
2025-08-24T02:20:31.395Z,426
2025-08-24T02:21:27.163Z,426
2025-08-24T02:22:29.272Z,426
2025-08-24T02:23:32.591Z,424
2025-08-24T02:24:29.693Z,424
2025-08-24T02:25:28.377Z,424
2025-08-24T02:26:27.927Z,424
2025-08-24T02:27:29.933Z,424
2025-08-24T02:28:31.465Z,424
2025-08-24T02:29:29.830Z,424
2025-08-24T02:30:30.048Z,425
2025-08-24T02:31:28.602Z,425
2025-08-24T02:32:29.458Z,429
2025-08-24T02:33:31.855Z,429
2025-08-24T02:34:33.856Z,429
2025-08-24T02:35:27.938Z,430
2025-08-24T02:36:27.962Z,429
2025-08-24T02:37:30.159Z,430
2025-08-24T02:38:28.991Z,430
2025-08-24T02:39:32.194Z,429
2025-08-24T02:40:31.568Z,429
2025-08-24T02:41:29.339Z,429
2025-08-24T02:42:29.728Z,429
2025-08-24T02:43:30.083Z,429
2025-08-24T02:44:28.592Z,429
2025-08-24T02:45:29.058Z,429
2025-08-24T02:46:29.899Z,429
2025-08-24T02:47:32.541Z,429
2025-08-24T02:48:29.731Z,429
2025-08-24T02:49:30.175Z,429
2025-08-24T02:50:29.557Z,430
2025-08-24T02:51:31.029Z,430
2025-08-24T02:52:31.192Z,430
2025-08-24T02:53:30.296Z,431
2025-08-24T02:54:31.414Z,432
2025-08-24T02:55:34.774Z,431
2025-08-24T02:56:30.604Z,431
2025-08-24T02:57:30.943Z,431
2025-08-24T02:58:29.692Z,431
2025-08-24T02:59:30.290Z,431
2025-08-24T03:00:31.401Z,431
2025-08-24T03:01:30.491Z,431
2025-08-24T03:02:29.681Z,431
2025-08-24T03:03:28.891Z,431
2025-08-24T03:04:32.959Z,419
2025-08-24T03:05:33.974Z,421
2025-08-24T03:06:35.191Z,423
2025-08-24T03:07:31.357Z,423
2025-08-24T03:08:34.793Z,423
2025-08-24T03:09:32.794Z,423
2025-08-24T03:10:31.694Z,423
2025-08-24T03:11:31.298Z,426
2025-08-24T03:12:33.382Z,426
2025-08-24T03:13:30.571Z,426
2025-08-24T03:14:32.491Z,426
2025-08-24T03:15:32.255Z,426
2025-08-24T03:16:33.324Z,426
2025-08-24T03:17:32.874Z,426
2025-08-24T03:18:35.596Z,426
2025-08-24T03:19:32.691Z,426
2025-08-24T03:20:31.792Z,426
2025-08-24T03:21:35.105Z,424
2025-08-24T03:22:33.397Z,425
2025-08-24T03:23:33.662Z,429
2025-08-24T03:24:31.303Z,430
2025-08-24T03:25:32.492Z,430
2025-08-24T03:26:34.311Z,430
2025-08-24T03:27:33.594Z,429
2025-08-24T03:28:33.198Z,429
2025-08-24T03:29:35.498Z,433
2025-08-24T03:30:31.132Z,435
2025-08-24T03:31:33.499Z,433
2025-08-24T03:32:32.896Z,433
2025-08-24T03:33:33.276Z,433
2025-08-24T03:34:32.003Z,433
2025-08-24T03:35:31.997Z,433
2025-08-24T03:36:31.794Z,436
2025-08-24T03:37:32.799Z,437
2025-08-24T03:38:30.148Z,439
2025-08-24T03:39:33.993Z,439
2025-08-24T03:40:31.995Z,439
2025-08-24T03:41:30.893Z,439
2025-08-24T03:42:33.062Z,439
2025-08-24T03:43:32.593Z,439
2025-08-24T03:44:32.801Z,439
2025-08-24T03:45:32.391Z,439
2025-08-24T03:46:32.494Z,437
2025-08-24T03:47:33.995Z,438
2025-08-24T03:48:32.393Z,440
2025-08-24T03:49:32.396Z,440
2025-08-24T03:50:32.900Z,440
2025-08-24T03:51:33.692Z,440
2025-08-24T03:52:32.092Z,440
2025-08-24T03:53:32.791Z,440
2025-08-24T03:54:32.293Z,440
2025-08-24T03:55:32.496Z,441
2025-08-24T03:56:33.001Z,440
2025-08-24T03:57:33.094Z,441
2025-08-24T03:58:32.794Z,443
2025-08-24T03:59:32.597Z,443
2025-08-24T04:00:34.296Z,443
2025-08-24T04:01:31.697Z,443
2025-08-24T04:02:32.295Z,445
2025-08-24T04:03:33.506Z,445
2025-08-24T04:04:33.198Z,445
2025-08-24T04:05:33.293Z,446
2025-08-24T04:06:33.791Z,448
2025-08-24T04:07:32.899Z,450
2025-08-24T04:08:32.298Z,451
2025-08-24T04:09:34.195Z,449
2025-08-24T04:10:34.212Z,453
2025-08-24T04:11:35.707Z,453
2025-08-24T04:12:34.695Z,453
2025-08-24T04:13:33.097Z,453
2025-08-24T04:14:32.302Z,453
2025-08-24T04:15:33.997Z,452
2025-08-24T04:16:32.493Z,452
2025-08-24T04:17:38.995Z,452
2025-08-24T04:18:34.592Z,454
2025-08-24T04:19:34.293Z,454
2025-08-24T04:20:33.661Z,454
2025-08-24T04:21:33.496Z,455
2025-08-24T04:22:33.091Z,455
2025-08-24T04:23:31.800Z,455
2025-08-24T04:24:32.894Z,456
2025-08-24T04:25:31.402Z,449
2025-08-24T04:26:30.398Z,448
2025-08-24T04:27:32.696Z,448
2025-08-24T04:28:33.300Z,450
2025-08-24T04:29:34.495Z,451
2025-08-24T04:30:33.728Z,454
2025-08-24T04:31:33.201Z,454
2025-08-24T04:32:30.504Z,453
2025-08-24T04:33:27.901Z,453
2025-08-24T04:34:32.294Z,453
2025-08-24T04:35:30.098Z,453
2025-08-24T04:36:29.085Z,453
2025-08-24T04:37:30.297Z,453
2025-08-24T04:38:28.724Z,453
2025-08-24T04:39:30.397Z,453
2025-08-24T04:40:30.301Z,453
2025-08-24T04:41:32.595Z,454
2025-08-24T04:42:33.195Z,456
2025-08-24T04:43:31.597Z,458
2025-08-24T04:44:32.801Z,458
2025-08-24T04:45:29.865Z,458
2025-08-24T04:46:32.096Z,458
2025-08-24T04:47:33.294Z,458
2025-08-24T04:48:31.933Z,458
2025-08-24T04:49:31.850Z,458
2025-08-24T04:50:32.897Z,458
2025-08-24T04:51:32.805Z,458
2025-08-24T04:52:33.348Z,458
2025-08-24T04:53:30.294Z,459
2025-08-24T04:54:28.199Z,459
2025-08-24T04:55:30.799Z,459
2025-08-24T04:56:32.298Z,460
2025-08-24T04:57:32.195Z,460
2025-08-24T04:58:32.096Z,460
2025-08-24T04:59:33.997Z,460
2025-08-24T05:00:29.842Z,460
2025-08-24T05:01:28.596Z,460
2025-08-24T05:02:34.598Z,460
2025-08-24T05:03:32.892Z,460
2025-08-24T05:04:32.304Z,460
2025-08-24T05:05:32.991Z,462
2025-08-24T05:06:29.992Z,462
2025-08-24T05:07:28.395Z,462
2025-08-24T05:08:33.296Z,464
2025-08-24T05:09:33.296Z,464
2025-08-24T05:10:32.298Z,467
2025-08-24T05:11:32.098Z,466
2025-08-24T05:12:33.493Z,464
2025-08-24T05:13:30.196Z,465
2025-08-24T05:14:29.699Z,467
2025-08-24T05:15:33.598Z,467
2025-08-24T05:16:33.798Z,467
2025-08-24T05:17:32.595Z,467
2025-08-24T05:18:32.200Z,469
2025-08-24T05:19:28.496Z,471
2025-08-24T05:20:29.795Z,473
2025-08-24T05:21:33.910Z,473
2025-08-24T05:22:33.696Z,473
2025-08-24T05:23:35.700Z,473
2025-08-24T05:24:30.598Z,473
2025-08-24T05:25:30.594Z,473
2025-08-24T05:26:32.895Z,473
2025-08-24T05:27:35.692Z,472
2025-08-24T05:28:32.396Z,472
2025-08-24T05:29:30.301Z,472
2025-08-24T05:30:32.895Z,472
2025-08-24T05:31:30.299Z,472
2025-08-24T05:32:31.841Z,473
2025-08-24T05:33:34.692Z,477
2025-08-24T05:34:35.899Z,479
2025-08-24T05:35:34.694Z,479
2025-08-24T05:36:29.895Z,479
2025-08-24T05:37:29.096Z,479
2025-08-24T05:38:33.700Z,479
2025-08-24T05:39:34.494Z,481
2025-08-24T05:40:32.894Z,481
2025-08-24T05:41:28.896Z,481
2025-08-24T05:42:32.291Z,481
2025-08-24T05:43:33.196Z,481
2025-08-24T05:44:36.693Z,481
2025-08-24T05:45:30.401Z,481
2025-08-24T05:46:31.596Z,481
2025-08-24T05:47:34.498Z,481
2025-08-24T05:48:33.893Z,481
2025-08-24T05:49:29.898Z,481
2025-08-24T05:50:33.502Z,481
2025-08-24T05:51:32.997Z,481
2025-08-24T05:52:31.198Z,481
2025-08-24T05:53:33.940Z,481
2025-08-24T05:54:31.643Z,481
2025-08-24T05:55:33.997Z,481
2025-08-24T05:56:33.993Z,479
2025-08-24T05:57:32.295Z,479
2025-08-24T05:58:32.203Z,479
2025-08-24T05:59:33.204Z,479
2025-08-24T06:00:30.200Z,478
2025-08-24T06:01:31.697Z,478
2025-08-24T06:02:33.097Z,478
2025-08-24T06:03:34.894Z,478
2025-08-24T06:04:28.598Z,478
2025-08-24T06:05:32.597Z,478
2025-08-24T06:06:33.095Z,478
2025-08-24T06:07:29.702Z,478
2025-08-24T06:08:34.998Z,478
2025-08-24T06:09:37.101Z,480
2025-08-24T06:10:33.500Z,480
2025-08-24T06:11:35.703Z,482
2025-08-24T06:12:34.802Z,481
2025-08-24T06:13:29.498Z,481
2025-08-24T06:14:33.502Z,481
2025-08-24T06:15:33.498Z,481
2025-08-24T06:16:32.999Z,481
2025-08-24T06:17:34.996Z,481
2025-08-24T06:18:36.101Z,481
2025-08-24T06:19:30.498Z,481
2025-08-24T06:20:35.298Z,481
2025-08-24T06:21:31.199Z,481
2025-08-24T06:22:34.699Z,481
2025-08-24T06:23:33.397Z,481
2025-08-24T06:24:34.697Z,481
2025-08-24T06:25:34.108Z,481
2025-08-24T06:26:36.896Z,481
2025-08-24T06:27:30.203Z,483
2025-08-24T06:28:32.800Z,483
2025-08-24T06:29:32.804Z,483
2025-08-24T06:30:31.494Z,483
2025-08-24T06:31:35.896Z,485
2025-08-24T06:32:32.101Z,485
2025-08-24T06:33:30.795Z,485
2025-08-24T06:34:34.705Z,485
2025-08-24T06:35:30.198Z,487
2025-08-24T06:36:30.698Z,485
2025-08-24T06:37:32.400Z,483
2025-08-24T06:38:39.500Z,477
2025-08-24T06:39:37.007Z,477
2025-08-24T06:40:31.994Z,477
2025-08-24T06:41:34.298Z,481
2025-08-24T06:42:34.496Z,481
2025-08-24T06:43:35.499Z,481
2025-08-24T06:44:29.798Z,481
2025-08-24T06:45:33.898Z,481
2025-08-24T06:46:30.903Z,481
2025-08-24T06:47:34.491Z,483
2025-08-24T06:48:33.599Z,483
2025-08-24T06:49:34.593Z,483
2025-08-24T06:50:31.295Z,485
2025-08-24T06:51:34.398Z,485
2025-08-24T06:52:34.998Z,485
2025-08-24T06:53:34.392Z,485
2025-08-24T06:54:31.393Z,485
2025-08-24T06:55:33.392Z,487
2025-08-24T06:56:30.802Z,487
2025-08-24T06:57:33.501Z,487
2025-08-24T06:58:35.794Z,487
2025-08-24T06:59:30.901Z,487
2025-08-24T07:00:32.101Z,487
2025-08-24T07:01:35.697Z,489
2025-08-24T07:02:31.798Z,489
2025-08-24T07:03:36.895Z,491
2025-08-24T07:04:36.599Z,487
2025-08-24T07:05:34.899Z,487
2025-08-24T07:06:35.091Z,487
2025-08-24T07:07:31.504Z,486
2025-08-24T07:08:38.407Z,486
2025-08-24T07:09:35.491Z,486
2025-08-24T07:10:35.804Z,486
2025-08-24T07:11:34.996Z,486
2025-08-24T07:12:32.502Z,486
2025-08-24T07:13:36.904Z,485
2025-08-24T07:14:37.692Z,485
2025-08-24T07:15:36.199Z,485
2025-08-24T07:16:36.999Z,484
2025-08-24T07:17:33.804Z,484
2025-08-24T07:18:32.299Z,484
2025-08-24T07:19:37.794Z,484
2025-08-24T07:20:36.302Z,484
2025-08-24T07:21:33.296Z,493
2025-08-24T07:22:40.004Z,494
2025-08-24T07:23:33.102Z,496
2025-08-24T07:24:40.405Z,498
2025-08-24T07:25:37.000Z,498
2025-08-24T07:26:35.298Z,498
2025-08-24T07:27:39.406Z,498
2025-08-24T07:28:37.597Z,498
2025-08-24T07:29:38.602Z,498
2025-08-24T07:30:38.102Z,500
2025-08-24T07:31:37.893Z,500
2025-08-24T07:32:33.601Z,500
2025-08-24T07:33:38.893Z,500
2025-08-24T07:34:41.391Z,500
2025-08-24T07:35:37.991Z,500
2025-08-24T07:36:43.406Z,500
2025-08-24T07:37:37.997Z,500
2025-08-24T07:38:38.292Z,497
2025-08-24T07:39:47.999Z,497
2025-08-24T07:40:39.693Z,497
2025-08-24T07:41:38.891Z,497
2025-08-24T07:42:34.692Z,497
2025-08-24T07:43:40.202Z,497
2025-08-24T07:44:41.902Z,497
2025-08-24T07:45:40.502Z,499
2025-08-24T07:46:37.892Z,499
2025-08-24T07:47:35.001Z,499
2025-08-24T07:48:38.405Z,499
2025-08-24T07:49:40.001Z,499
2025-08-24T07:50:40.804Z,499
2025-08-24T07:51:41.308Z,501
2025-08-24T07:52:41.098Z,501
2025-08-24T07:53:39.497Z,500
2025-08-24T07:54:39.103Z,500
2025-08-24T07:55:41.898Z,500
2025-08-24T07:56:43.102Z,501
2025-08-24T07:57:40.701Z,502
2025-08-24T07:58:39.802Z,502
2025-08-24T07:59:41.103Z,502
2025-08-24T08:00:38.302Z,502
2025-08-24T08:01:40.993Z,502
2025-08-24T08:02:37.403Z,502
2025-08-24T08:03:39.703Z,502
2025-08-24T08:04:38.898Z,502
2025-08-24T08:05:37.206Z,500
2025-08-24T08:06:40.391Z,501
2025-08-24T08:07:44.701Z,501
2025-08-24T08:08:36.800Z,500
2025-08-24T08:09:40.392Z,501
2025-08-24T08:10:47.698Z,501
2025-08-24T08:11:41.201Z,503
2025-08-24T08:12:42.198Z,503
2025-08-24T08:13:38.903Z,506
2025-08-24T08:14:42.607Z,506
2025-08-24T08:15:42.100Z,507
2025-08-24T08:16:40.394Z,508
2025-08-24T08:17:38.103Z,508
2025-08-24T08:18:37.301Z,508
2025-08-24T08:19:37.291Z,508
2025-08-24T08:20:38.505Z,508
2025-08-24T08:21:41.391Z,509
2025-08-24T08:23:37.091Z,511
2025-08-24T08:24:37.306Z,511
2025-08-24T08:25:39.204Z,511
2025-08-24T08:26:36.098Z,511
2025-08-24T08:27:34.106Z,511
2025-08-24T08:28:38.602Z,511
2025-08-24T08:29:37.192Z,511
2025-08-24T08:30:40.902Z,508
2025-08-24T08:31:42.400Z,510
2025-08-24T08:32:41.491Z,510
2025-08-24T08:33:37.806Z,512
2025-08-24T08:34:38.202Z,512
2025-08-24T08:35:39.998Z,514
2025-08-24T08:36:40.097Z,514
2025-08-24T08:37:38.593Z,516
2025-08-24T08:38:36.901Z,516
2025-08-24T08:39:38.592Z,516
2025-08-24T08:40:43.195Z,516
2025-08-24T08:41:43.494Z,516
2025-08-24T08:43:39.000Z,515
2025-08-24T08:44:37.203Z,515
2025-08-24T08:45:40.993Z,516
2025-08-24T08:46:36.703Z,517
2025-08-24T08:47:34.896Z,517
2025-08-24T08:48:39.204Z,517
2025-08-24T08:49:41.392Z,517
2025-08-24T08:50:39.003Z,517
2025-08-24T08:51:39.895Z,517
2025-08-24T08:52:39.999Z,516
2025-08-24T08:53:36.596Z,516
2025-08-24T08:55:38.095Z,515
2025-08-24T08:56:37.202Z,515
2025-08-24T08:57:39.902Z,516
2025-08-24T08:58:35.793Z,516
2025-08-24T08:59:41.106Z,519
2025-08-24T09:00:42.898Z,520
2025-08-24T09:01:40.997Z,520
2025-08-24T09:02:37.899Z,520
2025-08-24T09:03:39.194Z,520
2025-08-24T09:04:40.792Z,520
2025-08-24T09:05:43.297Z,520
2025-08-24T09:06:38.405Z,520
2025-08-24T09:07:46.404Z,520
2025-08-24T09:08:42.495Z,520
2025-08-24T09:09:41.408Z,520
2025-08-24T09:10:40.402Z,519
2025-08-24T09:11:35.100Z,519
2025-08-24T09:12:36.199Z,519
2025-08-24T09:13:39.794Z,520
2025-08-24T09:14:44.595Z,520
2025-08-24T09:15:43.392Z,520
2025-08-24T09:16:45.299Z,520
2025-08-24T09:17:39.503Z,517
2025-08-24T09:18:41.093Z,515
2025-08-24T09:19:42.903Z,515
2025-08-24T09:20:40.704Z,515
2025-08-24T09:21:41.696Z,515
2025-08-24T09:22:39.596Z,515
2025-08-24T09:23:39.099Z,515
2025-08-24T09:24:39.897Z,513
2025-08-24T09:25:41.105Z,511
2025-08-24T09:26:40.301Z,511
2025-08-24T09:27:39.493Z,511
2025-08-24T09:28:39.101Z,511
2025-08-24T09:29:43.794Z,511
2025-08-24T09:30:46.191Z,511
2025-08-24T09:31:42.994Z,511
2025-08-24T09:32:42.404Z,511
2025-08-24T09:33:44.299Z,511
2025-08-24T09:34:42.705Z,511
2025-08-24T09:36:42.700Z,511
2025-08-24T09:37:41.305Z,514
2025-08-24T09:39:41.800Z,514
2025-08-24T09:40:39.505Z,514
2025-08-24T09:41:35.893Z,514
2025-08-24T09:42:37.797Z,514
2025-08-24T09:43:42.193Z,514
2025-08-24T09:44:40.296Z,514
2025-08-24T09:45:38.595Z,514
2025-08-24T09:46:42.395Z,514
2025-08-24T09:47:37.796Z,514
2025-08-24T09:48:41.104Z,514
2025-08-24T09:49:39.803Z,514
2025-08-24T09:50:41.495Z,514
2025-08-24T09:51:42.099Z,514
2025-08-24T09:52:36.999Z,514
2025-08-24T09:53:38.701Z,512
2025-08-24T09:54:40.495Z,512
2025-08-24T09:55:39.503Z,512
2025-08-24T09:56:39.391Z,512
2025-08-24T09:57:39.393Z,512
2025-08-24T09:58:41.405Z,512
2025-08-24T09:59:38.404Z,512
2025-08-24T10:00:40.597Z,512
2025-08-24T10:01:38.005Z,512
2025-08-24T10:02:41.996Z,512
2025-08-24T10:03:44.315Z,512
2025-08-24T10:04:45.797Z,512
2025-08-24T10:05:44.104Z,513
2025-08-24T10:06:39.799Z,515
2025-08-24T10:07:40.492Z,515
2025-08-24T10:08:42.198Z,515
2025-08-24T10:09:42.103Z,515
2025-08-24T10:10:42.996Z,514
2025-08-24T10:11:42.892Z,514
2025-08-24T10:12:41.694Z,514
2025-08-24T10:13:44.700Z,515
2025-08-24T10:14:41.298Z,515
2025-08-24T10:15:40.297Z,515
2025-08-24T10:16:42.203Z,515
2025-08-24T10:17:38.492Z,515
2025-08-24T10:18:44.299Z,518
2025-08-24T10:19:41.803Z,518
2025-08-24T10:20:42.396Z,518
2025-08-24T10:21:44.405Z,518
2025-08-24T10:22:40.800Z,520
2025-08-24T10:23:40.806Z,520
2025-08-24T10:24:40.894Z,518
2025-08-24T10:25:39.500Z,518
2025-08-24T10:26:38.596Z,518
2025-08-24T10:27:41.206Z,518
2025-08-24T10:28:38.903Z,516
2025-08-24T10:29:46.497Z,516
2025-08-24T10:30:39.091Z,516
2025-08-24T10:31:51.899Z,516
2025-08-24T10:32:42.194Z,516
2025-08-24T10:33:42.599Z,516
2025-08-24T10:34:40.897Z,516
2025-08-24T10:35:40.896Z,516
2025-08-24T10:36:43.501Z,518
2025-08-24T10:37:43.803Z,518
2025-08-24T10:38:42.496Z,518
2025-08-24T10:39:44.697Z,518
2025-08-24T10:40:45.701Z,520
2025-08-24T10:41:42.005Z,520
2025-08-24T10:42:42.895Z,520
2025-08-24T10:43:42.499Z,519
2025-08-24T10:44:45.296Z,520
2025-08-24T10:45:42.403Z,520
2025-08-24T10:46:42.297Z,520
2025-08-24T10:47:38.895Z,520
2025-08-24T10:48:39.505Z,520
2025-08-24T10:49:44.594Z,520
2025-08-24T10:50:39.802Z,520
2025-08-24T10:51:41.398Z,520
2025-08-24T10:52:42.304Z,520
2025-08-24T10:53:43.199Z,520
2025-08-24T10:54:41.993Z,520
2025-08-24T10:55:47.495Z,520
2025-08-24T10:56:46.704Z,520
2025-08-24T10:57:41.794Z,520
2025-08-24T10:58:45.903Z,520
2025-08-24T10:59:42.198Z,520
2025-08-24T11:00:52.898Z,521
2025-08-24T11:01:44.301Z,519
2025-08-24T11:02:49.596Z,516
2025-08-24T11:03:43.299Z,516
2025-08-24T11:04:46.395Z,516
2025-08-24T11:05:44.298Z,516
2025-08-24T11:06:40.400Z,516
2025-08-24T11:07:44.999Z,516
2025-08-24T11:08:49.401Z,516
2025-08-24T11:09:44.196Z,516
2025-08-24T11:10:46.999Z,517
2025-08-24T11:11:42.694Z,517
2025-08-24T11:12:42.803Z,517
2025-08-24T11:13:45.002Z,517
2025-08-24T11:14:47.201Z,517
2025-08-24T11:15:39.997Z,517
2025-08-24T11:16:39.699Z,517
2025-08-24T11:17:42.704Z,517
2025-08-24T11:18:47.293Z,517
2025-08-24T11:19:45.198Z,517
2025-08-24T11:20:48.499Z,517
2025-08-24T11:21:46.099Z,517
2025-08-24T11:22:50.204Z,517
2025-08-24T11:23:46.305Z,514
2025-08-24T11:24:53.491Z,514
2025-08-24T11:25:44.996Z,514
2025-08-24T11:26:48.100Z,514
2025-08-24T11:27:53.114Z,514
2025-08-24T11:28:47.901Z,514
2025-08-24T11:29:48.294Z,514
2025-08-24T11:30:51.695Z,515
2025-08-24T11:32:02.299Z,515
2025-08-24T11:33:55.107Z,515
2025-08-24T11:34:46.697Z,515
2025-08-24T11:35:49.398Z,515
2025-08-24T11:36:47.991Z,515
2025-08-24T11:37:53.000Z,515
2025-08-24T11:38:45.697Z,513
2025-08-24T11:39:55.101Z,513
2025-08-24T11:40:51.892Z,511
2025-08-24T11:41:51.501Z,511
2025-08-24T11:42:46.094Z,511
2025-08-24T11:43:48.293Z,511
2025-08-24T11:44:47.700Z,512
2025-08-24T11:45:44.198Z,512
2025-08-24T11:46:42.100Z,512
2025-08-24T11:47:49.505Z,511
2025-08-24T11:48:45.403Z,511
2025-08-24T11:49:52.300Z,512
2025-08-24T11:50:47.593Z,511
2025-08-24T11:51:45.794Z,511
2025-08-24T11:52:56.399Z,511
2025-08-24T11:53:57.600Z,511
2025-08-24T11:54:47.794Z,511
2025-08-24T11:55:49.199Z,511
2025-08-24T11:56:50.092Z,511
2025-08-24T11:57:48.202Z,511
2025-08-24T11:58:51.403Z,511
2025-08-24T11:59:50.598Z,512
2025-08-24T12:00:51.893Z,512
2025-08-24T12:01:42.096Z,512
2025-08-24T12:02:47.098Z,512
2025-08-24T13:03:21.797Z,504
2025-08-24T13:04:16.902Z,509
2025-08-24T13:05:33.402Z,547
2025-08-24T13:05:39.593Z,547
2025-08-24T13:05:50.292Z,547
2025-08-24T13:06:03.192Z,547
2025-08-24T13:06:09.593Z,547
2025-08-24T14:06:24.202Z,542
2025-08-24T14:06:30.996Z,542
2025-08-24T14:06:45.100Z,542
2025-08-24T14:06:46.001Z,542
2025-08-24T14:06:46.603Z,542
2025-08-24T14:06:47.501Z,542
2025-08-24T14:06:47.902Z,542
2025-08-24T14:06:52.601Z,542
2025-08-24T14:06:53.297Z,504
2025-08-24T14:06:54.305Z,542
2025-08-24T14:07:28.197Z,542
2025-08-24T14:07:37.001Z,542
2025-08-24T14:07:37.995Z,542
2025-08-24T14:07:38.405Z,542
2025-08-24T14:07:43.399Z,542
2025-08-24T14:07:43.705Z,542
2025-08-24T14:07:44.099Z,542
2025-08-24T14:07:44.500Z,542
2025-08-24T14:07:44.801Z,542
2025-08-24T14:07:45.596Z,542
2025-08-24T14:08:32.904Z,542
2025-08-24T14:08:39.703Z,542
2025-08-24T14:08:51.095Z,542
2025-08-24T14:08:57.700Z,542
2025-08-24T14:08:58.604Z,542
2025-08-24T14:09:03.394Z,542
2025-08-24T14:09:04.097Z,542
2025-08-24T14:09:04.598Z,542
2025-08-24T14:09:05.793Z,542
2025-08-24T14:09:06.394Z,542
2025-08-24T15:09:21.504Z,537
2025-08-24T15:09:26.197Z,537
2025-08-24T15:09:26.694Z,537
2025-08-24T15:09:27.492Z,537
2025-08-24T15:09:28.301Z,537
2025-08-24T15:09:28.802Z,537
2025-08-24T15:09:29.499Z,537
2025-08-24T15:09:33.991Z,537
2025-08-24T15:09:35.203Z,537
2025-08-24T15:09:46.091Z,537
2025-08-24T15:10:23.095Z,537
2025-08-24T15:10:23.600Z,537
2025-08-24T15:10:24.108Z,537
2025-08-24T15:10:24.701Z,537
2025-08-24T15:10:29.993Z,537
2025-08-24T15:10:30.596Z,537
2025-08-24T15:10:31.803Z,537
2025-08-24T15:10:40.305Z,537
2025-08-24T15:10:41.104Z,537
2025-08-24T15:10:41.504Z,537
2025-08-24T15:11:33.100Z,537
2025-08-24T15:11:40.494Z,537
2025-08-24T15:11:47.591Z,537
2025-08-24T15:11:54.298Z,537
2025-08-24T15:12:02.304Z,537
2025-08-24T15:12:09.096Z,512
2025-08-24T15:12:14.395Z,550
2025-08-24T15:12:14.992Z,550
2025-08-24T15:12:15.391Z,550
2025-08-24T15:12:15.795Z,550
2025-08-24T16:12:30.999Z,540
2025-08-24T16:12:42.199Z,540
2025-08-24T16:12:51.891Z,540
2025-08-24T16:12:52.504Z,540
2025-08-24T16:12:53.005Z,540
2025-08-24T16:12:53.691Z,540
2025-08-24T16:12:54.198Z,540
2025-08-24T16:12:58.601Z,540
2025-08-24T16:12:59.104Z,540
2025-08-24T16:13:00.302Z,540
2025-08-24T16:13:32.292Z,540
2025-08-24T16:13:32.694Z,540
2025-08-24T16:13:33.006Z,540
2025-08-24T16:13:33.404Z,503
2025-08-24T16:13:33.802Z,540
2025-08-24T16:13:34.203Z,540
2025-08-24T16:13:34.596Z,540
2025-08-24T16:13:34.996Z,540
2025-08-24T16:13:35.991Z,540
2025-08-24T16:13:44.300Z,540
2025-08-24T16:14:48.892Z,540
2025-08-24T16:14:54.802Z,540
2025-08-24T16:14:55.393Z,540
2025-08-24T16:14:55.702Z,540
2025-08-24T16:14:56.192Z,540
2025-08-24T16:14:56.500Z,540
2025-08-24T16:14:56.894Z,540
2025-08-24T16:14:57.200Z,540
2025-08-24T16:14:57.592Z,540
2025-08-24T16:14:57.905Z,540
2025-08-24T16:15:58.694Z,540
2025-08-24T16:16:10.594Z,540
2025-08-24T16:16:16.307Z,540
2025-08-24T16:16:16.798Z,540
2025-08-24T16:16:17.208Z,540
2025-08-24T16:16:17.604Z,540
2025-08-24T16:16:18.102Z,540
2025-08-24T16:16:18.496Z,540
2025-08-24T16:16:18.805Z,540
2025-08-24T16:16:19.203Z,540
2025-08-24T16:16:59.104Z,540
2025-08-24T16:16:59.695Z,540
2025-08-24T16:17:00.100Z,540
2025-08-24T16:17:00.900Z,540
2025-08-24T16:17:01.406Z,540
2025-08-24T16:17:02.604Z,540
2025-08-24T16:17:03.001Z,540
2025-08-24T16:17:03.504Z,540
2025-08-24T16:17:08.496Z,540
2025-08-24T16:17:09.200Z,540
2025-08-24T16:19:02.399Z,541
2025-08-24T16:19:03.393Z,541
2025-08-24T16:19:04.504Z,541
2025-08-24T16:19:05.006Z,541
2025-08-24T16:19:05.793Z,541
2025-08-24T16:19:06.498Z,541
2025-08-24T16:19:06.992Z,512
2025-08-24T16:19:11.999Z,550
2025-08-24T16:19:12.793Z,550
2025-08-24T16:19:13.397Z,550
2025-08-24T16:20:22.394Z,549
2025-08-24T16:20:23.204Z,549
2025-08-24T16:20:24.006Z,549
2025-08-24T16:20:24.800Z,549
2025-08-24T16:20:25.597Z,549
2025-08-24T16:20:26.391Z,549
2025-08-24T16:20:27.193Z,549
2025-08-24T16:20:27.501Z,549
2025-08-24T16:20:27.896Z,549
2025-08-24T16:20:28.203Z,549
2025-08-24T16:21:30.099Z,549
2025-08-24T16:21:41.807Z,549
2025-08-24T16:21:48.604Z,549
2025-08-24T16:22:19.703Z,549
2025-08-24T16:22:20.091Z,549
2025-08-24T16:22:20.397Z,549
2025-08-24T16:22:21.201Z,549
2025-08-24T16:22:21.596Z,549
2025-08-24T16:22:21.999Z,549
2025-08-24T16:22:22.393Z,549
2025-08-24T16:22:26.099Z,549
2025-08-24T16:22:26.492Z,549
2025-08-24T16:22:31.806Z,549
2025-08-24T16:22:33.694Z,549
2025-08-24T16:22:34.498Z,549
2025-08-24T16:22:35.293Z,549
2025-08-24T16:22:35.693Z,549
2025-08-24T16:22:36.003Z,549
2025-08-24T16:22:36.397Z,549
2025-08-24T16:22:37.202Z,549
2025-08-24T16:23:44.198Z,549
2025-08-24T16:23:51.797Z,549
2025-08-24T16:23:52.507Z,549
2025-08-24T16:23:52.991Z,549
2025-08-24T16:23:53.304Z,549
2025-08-24T16:23:53.696Z,549
2025-08-24T16:23:54.003Z,549
2025-08-24T16:23:54.401Z,549
2025-08-24T16:23:54.794Z,549
2025-08-24T16:23:55.100Z,549
2025-08-24T16:25:08.603Z,549
2025-08-24T16:25:09.202Z,549
2025-08-24T16:25:09.597Z,549
2025-08-24T16:25:09.900Z,549
2025-08-24T16:25:10.294Z,549
2025-08-24T16:25:10.692Z,549
2025-08-24T16:25:11.001Z,549
2025-08-24T16:25:11.398Z,549
2025-08-24T16:25:11.703Z,549
2025-08-24T16:25:12.095Z,549
2025-08-24T16:26:24.096Z,549
2025-08-24T16:26:35.299Z,549
2025-08-24T16:26:54.199Z,549
2025-08-24T16:27:00.200Z,549
2025-08-24T16:27:00.793Z,549
2025-08-24T16:27:01.594Z,549
2025-08-24T16:27:02.504Z,549
2025-08-24T16:27:02.897Z,569
2025-08-24T16:27:03.294Z,569
2025-08-24T16:27:30.896Z,569
2025-08-24T16:27:37.503Z,569
2025-08-24T16:27:54.391Z,569
2025-08-24T16:28:00.200Z,569
2025-08-24T16:28:00.703Z,569
2025-08-24T16:28:01.204Z,569
2025-08-24T16:28:02.396Z,569
2025-08-24T16:28:02.799Z,569
2025-08-24T16:28:03.194Z,569
2025-08-24T16:28:03.599Z,569
2025-08-24T16:28:26.896Z,569
2025-08-24T16:28:27.398Z,569
2025-08-24T16:28:27.796Z,569
2025-08-24T16:28:28.199Z,569
2025-08-24T16:28:28.597Z,569
2025-08-24T16:28:28.902Z,569
2025-08-24T16:28:29.299Z,569
2025-08-24T16:28:29.996Z,569
2025-08-24T16:28:30.701Z,569
2025-08-24T16:28:31.898Z,569
2025-08-24T16:29:37.000Z,569
2025-08-24T16:29:48.292Z,569
2025-08-24T16:30:00.001Z,569
2025-08-24T16:30:06.604Z,569
2025-08-24T16:30:11.999Z,569
2025-08-24T16:30:24.901Z,569
2025-08-24T16:30:37.997Z,569
2025-08-24T16:30:38.600Z,569
2025-08-24T16:30:49.901Z,569
2025-08-24T16:30:56.494Z,569
2025-08-24T16:31:03.102Z,569
2025-08-24T16:31:08.396Z,569
2025-08-24T16:31:09.393Z,569
2025-08-24T16:31:09.697Z,569
2025-08-24T16:31:10.002Z,569
2025-08-24T16:31:10.402Z,569
2025-08-24T16:31:51.407Z,569
2025-08-24T16:32:15.995Z,569
2025-08-24T16:33:26.702Z,569
2025-08-24T16:33:30.891Z,569
2025-08-24T16:33:32.093Z,569
2025-08-24T16:33:34.393Z,569
2025-08-24T16:33:35.198Z,569
2025-08-24T16:33:36.007Z,569
2025-08-24T16:33:37.393Z,569
2025-08-24T16:33:39.192Z,569
2025-08-24T16:33:39.906Z,569
2025-08-24T16:33:40.703Z,569
2025-08-24T16:34:34.603Z,569
2025-08-24T16:34:40.793Z,569
2025-08-24T16:34:52.094Z,569
2025-08-24T16:35:20.404Z,569
2025-08-24T16:35:20.800Z,569
2025-08-24T16:35:21.191Z,569
2025-08-24T16:35:21.498Z,569
2025-08-24T16:35:21.799Z,569
2025-08-24T16:35:22.505Z,569
2025-08-24T16:35:35.096Z,569
2025-08-24T16:35:35.695Z,531
2025-08-24T16:35:40.294Z,569
2025-08-24T16:35:41.793Z,534
2025-08-24T16:35:42.499Z,531
2025-08-24T16:35:44.200Z,569
2025-08-24T16:35:45.102Z,569
2025-08-24T16:35:45.500Z,569
2025-08-24T16:35:45.894Z,569
2025-08-24T16:35:46.204Z,569
2025-08-24T16:36:49.394Z,531
2025-08-24T16:37:24.699Z,531
2025-08-24T16:37:25.801Z,570
2025-08-24T16:37:26.295Z,532
2025-08-24T16:37:26.602Z,532
2025-08-24T16:39:40.091Z,532
2025-08-24T16:41:18.994Z,533
2025-08-24T16:44:09.293Z,532
2025-08-24T16:45:58.695Z,532
2025-08-24T16:47:46.404Z,531
